https://exceptionalfrequency.bandcamp.com/album/--10
https://exceptionalfrequency.bandcamp.com/album/--11
https://exceptionalfrequency.bandcamp.com/album/--12
https://exceptionalfrequency.bandcamp.com/album/--13
https://exceptionalfrequency.bandcamp.com/album/--14
https://exceptionalfrequency.bandcamp.com/album/--15
https://exceptionalfrequency.bandcamp.com/album/--16
https://exceptionalfrequency.bandcamp.com/album/--17
https://exceptionalfrequency.bandcamp.com/album/--18
https://exceptionalfrequency.bandcamp.com/album/--19
https://exceptionalfrequency.bandcamp.com/album/--2
https://exceptionalfrequency.bandcamp.com/album/--20
https://exceptionalfrequency.bandcamp.com/album/--21
https://exceptionalfrequency.bandcamp.com/album/--22
https://exceptionalfrequency.bandcamp.com/album/--23
https://exceptionalfrequency.bandcamp.com/album/--24
https://exceptionalfrequency.bandcamp.com/album/--27
https://exceptionalfrequency.bandcamp.com/album/--28
https://exceptionalfrequency.bandcamp.com/album/--29
https://exceptionalfrequency.bandcamp.com/album/--30
https://exceptionalfrequency.bandcamp.com/album/--32
https://exceptionalfrequency.bandcamp.com/album/--5
https://exceptionalfrequency.bandcamp.com/album/--6
https://exceptionalfrequency.bandcamp.com/album/--8
https://exceptionalfrequency.bandcamp.com/album/16-random-picks-for-cash
https://exceptionalfrequency.bandcamp.com/album/1st-recording-session
https://exceptionalfrequency.bandcamp.com/album/2-1
https://exceptionalfrequency.bandcamp.com/album/2-mens-declare-silence
https://exceptionalfrequency.bandcamp.com/album/2001
https://exceptionalfrequency.bandcamp.com/album/2001-2021-crash-course-on-how-to-crash-a-party-completely-rmx
https://exceptionalfrequency.bandcamp.com/album/2001-2021-remix-single
https://exceptionalfrequency.bandcamp.com/album/20050506-sounds-of-solitude-frei-radio-f-r-stuttgart
https://exceptionalfrequency.bandcamp.com/album/20160218-merdekarya
https://exceptionalfrequency.bandcamp.com/album/20160220-minuit-init-art-social
https://exceptionalfrequency.bandcamp.com/album/20160304-minuit-init-art-social-again
https://exceptionalfrequency.bandcamp.com/album/20221026-live-at-five-arts-centre
https://exceptionalfrequency.bandcamp.com/album/20250424-live-in-studio
https://exceptionalfrequency.bandcamp.com/album/2025dot12dot04
https://exceptionalfrequency.bandcamp.com/album/250
https://exceptionalfrequency.bandcamp.com/album/2d-printing
https://exceptionalfrequency.bandcamp.com/album/3-a-m-news
https://exceptionalfrequency.bandcamp.com/album/6102-single
https://exceptionalfrequency.bandcamp.com/album/a-century-of
https://exceptionalfrequency.bandcamp.com/album/a-field-and-the-sky
https://exceptionalfrequency.bandcamp.com/album/a-group-of-old-lights
https://exceptionalfrequency.bandcamp.com/album/a-moment-of-surprise
https://exceptionalfrequency.bandcamp.com/album/a-taste-of-honey
https://exceptionalfrequency.bandcamp.com/album/a-tree-named-desire
https://exceptionalfrequency.bandcamp.com/album/a-very-rare-piano-improvisations
https://exceptionalfrequency.bandcamp.com/album/a-wild-goose-chase
https://exceptionalfrequency.bandcamp.com/album/abandoned
https://exceptionalfrequency.bandcamp.com/album/about-light
https://exceptionalfrequency.bandcamp.com/album/absent-s-o-s-sound-of-solitude-revisited
https://exceptionalfrequency.bandcamp.com/album/abyss
https://exceptionalfrequency.bandcamp.com/album/accordingly
https://exceptionalfrequency.bandcamp.com/album/ace-solo-guitar-improvisations-vol-1-2018-remastered
https://exceptionalfrequency.bandcamp.com/album/achilles-ghosts-drums
https://exceptionalfrequency.bandcamp.com/album/acrobatic
https://exceptionalfrequency.bandcamp.com/album/acrossthedesert
https://exceptionalfrequency.bandcamp.com/album/action-direct
https://exceptionalfrequency.bandcamp.com/album/additionalmaterials1
https://exceptionalfrequency.bandcamp.com/album/additionalmaterials2
https://exceptionalfrequency.bandcamp.com/album/additionalmaterials3
https://exceptionalfrequency.bandcamp.com/album/address-a-problem
https://exceptionalfrequency.bandcamp.com/album/administration-lunch-break
https://exceptionalfrequency.bandcamp.com/album/advantage-distortion
https://exceptionalfrequency.bandcamp.com/album/after
https://exceptionalfrequency.bandcamp.com/album/after-the-moonlight
https://exceptionalfrequency.bandcamp.com/album/afterhours
https://exceptionalfrequency.bandcamp.com/album/afternoon-downtown-kuala-lumpur-14th-aug-2019
https://exceptionalfrequency.bandcamp.com/album/afternoon-rain-july
https://exceptionalfrequency.bandcamp.com/album/afternoon-tea-solo-improvisation-with-harmonica-real-time-digital-process
https://exceptionalfrequency.bandcamp.com/album/ahead
https://exceptionalfrequency.bandcamp.com/album/aintgonnasing-a-longwithyou
https://exceptionalfrequency.bandcamp.com/album/air-balloon-ballad-no-1
https://exceptionalfrequency.bandcamp.com/album/air-balloon-ballad-no-2
https://exceptionalfrequency.bandcamp.com/album/air-balloon-ballad-no-3
https://exceptionalfrequency.bandcamp.com/album/air-balloon-ballad-no-4
https://exceptionalfrequency.bandcamp.com/album/air-balloon-ballad-no-5
https://exceptionalfrequency.bandcamp.com/album/alchemy1
https://exceptionalfrequency.bandcamp.com/album/alchemy2
https://exceptionalfrequency.bandcamp.com/album/alchemy3
https://exceptionalfrequency.bandcamp.com/album/alchemy4
https://exceptionalfrequency.bandcamp.com/album/all-absent
https://exceptionalfrequency.bandcamp.com/album/all-are-gone
https://exceptionalfrequency.bandcamp.com/album/all-around-the-world
https://exceptionalfrequency.bandcamp.com/album/all-kinds
https://exceptionalfrequency.bandcamp.com/album/allocation-solo-guitar-improvisations-vol-16
https://exceptionalfrequency.bandcamp.com/album/amalgam
https://exceptionalfrequency.bandcamp.com/album/amber
https://exceptionalfrequency.bandcamp.com/album/ambiguity-vol-i
https://exceptionalfrequency.bandcamp.com/album/amphibian
https://exceptionalfrequency.bandcamp.com/album/amplifier-objects
https://exceptionalfrequency.bandcamp.com/album/and-all-the-bells-are-ringing
https://exceptionalfrequency.bandcamp.com/album/and-vice-versa
https://exceptionalfrequency.bandcamp.com/album/and-we-are-the-dreamers-of-dreams
https://exceptionalfrequency.bandcamp.com/album/androids-blues-dedicated-to-philip-k-dick
https://exceptionalfrequency.bandcamp.com/album/another-angel-goes-home-dedicated-to-jimi-hendrix
https://exceptionalfrequency.bandcamp.com/album/another-dream
https://exceptionalfrequency.bandcamp.com/album/another-secret-afternoon
https://exceptionalfrequency.bandcamp.com/album/another-space-traveler
https://exceptionalfrequency.bandcamp.com/album/another-wave-of-the-ocean
https://exceptionalfrequency.bandcamp.com/album/anotherdayvincentwentdownthefield
https://exceptionalfrequency.bandcamp.com/album/anotherfreedom
https://exceptionalfrequency.bandcamp.com/album/ant-solo-guitar-improvisations-vol-11
https://exceptionalfrequency.bandcamp.com/album/anytimeatall
https://exceptionalfrequency.bandcamp.com/album/apart-ii
https://exceptionalfrequency.bandcamp.com/album/aperture
https://exceptionalfrequency.bandcamp.com/album/aphasia-vol-i
https://exceptionalfrequency.bandcamp.com/album/aphasia-vol-ii
https://exceptionalfrequency.bandcamp.com/album/aphasia-vol-iii
https://exceptionalfrequency.bandcamp.com/album/aphasia-vol-iv
https://exceptionalfrequency.bandcamp.com/album/around-the-sun
https://exceptionalfrequency.bandcamp.com/album/around-the-world-2
https://exceptionalfrequency.bandcamp.com/album/as-long-as-2019-remastered
https://exceptionalfrequency.bandcamp.com/album/as-promised
https://exceptionalfrequency.bandcamp.com/album/ascent-solo-guitar-improvisations-vol-22
https://exceptionalfrequency.bandcamp.com/album/ash
https://exceptionalfrequency.bandcamp.com/album/ashes-of-memories
https://exceptionalfrequency.bandcamp.com/album/at-your-service-2
https://exceptionalfrequency.bandcamp.com/album/atmos-that-movie-song
https://exceptionalfrequency.bandcamp.com/album/atmosphere
https://exceptionalfrequency.bandcamp.com/album/attack-dedicated-to-wolfgang-petersen
https://exceptionalfrequency.bandcamp.com/album/attacks-solo-guitar-improvisations-vol-17
https://exceptionalfrequency.bandcamp.com/album/attentionseeker
https://exceptionalfrequency.bandcamp.com/album/audioactive
https://exceptionalfrequency.bandcamp.com/album/auralglitch
https://exceptionalfrequency.bandcamp.com/album/auto-detour
https://exceptionalfrequency.bandcamp.com/album/automatic-2
https://exceptionalfrequency.bandcamp.com/album/avalanche-pre-master-digital-pre-order-special-edition
https://exceptionalfrequency.bandcamp.com/album/avalanche-stereo
https://exceptionalfrequency.bandcamp.com/album/avatar
https://exceptionalfrequency.bandcamp.com/album/b-side-baby
https://exceptionalfrequency.bandcamp.com/album/back2bed
https://exceptionalfrequency.bandcamp.com/album/back2bed-in-progress-album-ep-1-4
https://exceptionalfrequency.bandcamp.com/album/backward-detective
https://exceptionalfrequency.bandcamp.com/album/bacteria
https://exceptionalfrequency.bandcamp.com/album/bacteria-syndrome
https://exceptionalfrequency.bandcamp.com/album/bad-wood
https://exceptionalfrequency.bandcamp.com/album/bandaged-ear
https://exceptionalfrequency.bandcamp.com/album/bank-holiday
https://exceptionalfrequency.bandcamp.com/album/bauhaus
https://exceptionalfrequency.bandcamp.com/album/beautiful
https://exceptionalfrequency.bandcamp.com/album/beautiful-fossil
https://exceptionalfrequency.bandcamp.com/album/becoming1
https://exceptionalfrequency.bandcamp.com/album/becoming10
https://exceptionalfrequency.bandcamp.com/album/becoming11
https://exceptionalfrequency.bandcamp.com/album/becoming12
https://exceptionalfrequency.bandcamp.com/album/becoming13
https://exceptionalfrequency.bandcamp.com/album/becoming14
https://exceptionalfrequency.bandcamp.com/album/becoming15
https://exceptionalfrequency.bandcamp.com/album/becoming16
https://exceptionalfrequency.bandcamp.com/album/becoming17
https://exceptionalfrequency.bandcamp.com/album/becoming18
https://exceptionalfrequency.bandcamp.com/album/becoming19
https://exceptionalfrequency.bandcamp.com/album/becoming2
https://exceptionalfrequency.bandcamp.com/album/becoming20
https://exceptionalfrequency.bandcamp.com/album/becoming21
https://exceptionalfrequency.bandcamp.com/album/becoming22
https://exceptionalfrequency.bandcamp.com/album/becoming23
https://exceptionalfrequency.bandcamp.com/album/becoming24
https://exceptionalfrequency.bandcamp.com/album/becoming25
https://exceptionalfrequency.bandcamp.com/album/becoming26
https://exceptionalfrequency.bandcamp.com/album/becoming27
https://exceptionalfrequency.bandcamp.com/album/becoming28
https://exceptionalfrequency.bandcamp.com/album/becoming29
https://exceptionalfrequency.bandcamp.com/album/becoming3
https://exceptionalfrequency.bandcamp.com/album/becoming30
https://exceptionalfrequency.bandcamp.com/album/becoming31
https://exceptionalfrequency.bandcamp.com/album/becoming32
https://exceptionalfrequency.bandcamp.com/album/becoming33
https://exceptionalfrequency.bandcamp.com/album/becoming4
https://exceptionalfrequency.bandcamp.com/album/becoming5
https://exceptionalfrequency.bandcamp.com/album/becoming6
https://exceptionalfrequency.bandcamp.com/album/becoming7
https://exceptionalfrequency.bandcamp.com/album/becoming8
https://exceptionalfrequency.bandcamp.com/album/becoming9
https://exceptionalfrequency.bandcamp.com/album/bee-robots
https://exceptionalfrequency.bandcamp.com/album/before-the-law-sits-a-gatekeeper
https://exceptionalfrequency.bandcamp.com/album/beggars-and-cripples
https://exceptionalfrequency.bandcamp.com/album/behead-you-fool
https://exceptionalfrequency.bandcamp.com/album/beingdifficult
https://exceptionalfrequency.bandcamp.com/album/bells-ringing-in-the-sky
https://exceptionalfrequency.bandcamp.com/album/bells-ringing-in-the-sky-ambient
https://exceptionalfrequency.bandcamp.com/album/berlin-2025-end-of-the-summer
https://exceptionalfrequency.bandcamp.com/album/berlin-z-rich-berlin
https://exceptionalfrequency.bandcamp.com/album/best-serve-cold
https://exceptionalfrequency.bandcamp.com/album/between-images
https://exceptionalfrequency.bandcamp.com/album/big-low-string
https://exceptionalfrequency.bandcamp.com/album/big-time
https://exceptionalfrequency.bandcamp.com/album/big-wave-burst
https://exceptionalfrequency.bandcamp.com/album/big-wave-celebrating-new-dawn
https://exceptionalfrequency.bandcamp.com/album/big-wave-dark-side
https://exceptionalfrequency.bandcamp.com/album/big-wave-dark-wave
https://exceptionalfrequency.bandcamp.com/album/big-wave-great-wave
https://exceptionalfrequency.bandcamp.com/album/big-wave-heavy-waves
https://exceptionalfrequency.bandcamp.com/album/big-wave-hits
https://exceptionalfrequency.bandcamp.com/album/big-wave-many-waves
https://exceptionalfrequency.bandcamp.com/album/big-wave-melting-points
https://exceptionalfrequency.bandcamp.com/album/big-wave-sandstorm
https://exceptionalfrequency.bandcamp.com/album/big-wave-seadrum
https://exceptionalfrequency.bandcamp.com/album/big-wave-something
https://exceptionalfrequency.bandcamp.com/album/big-wave-undercurrents
https://exceptionalfrequency.bandcamp.com/album/big-white-cloud
https://exceptionalfrequency.bandcamp.com/album/birth
https://exceptionalfrequency.bandcamp.com/album/black-dreams-lost-found
https://exceptionalfrequency.bandcamp.com/album/black-hole
https://exceptionalfrequency.bandcamp.com/album/black-hole-in-the-milky-way
https://exceptionalfrequency.bandcamp.com/album/black-love-this-years-rock-album
https://exceptionalfrequency.bandcamp.com/album/black-moon
https://exceptionalfrequency.bandcamp.com/album/blackbird
https://exceptionalfrequency.bandcamp.com/album/blank-verse-dedicated-to-john-milton
https://exceptionalfrequency.bandcamp.com/album/blank1
https://exceptionalfrequency.bandcamp.com/album/blank2
https://exceptionalfrequency.bandcamp.com/album/blank3
https://exceptionalfrequency.bandcamp.com/album/blank4
https://exceptionalfrequency.bandcamp.com/album/blank6
https://exceptionalfrequency.bandcamp.com/album/blank7
https://exceptionalfrequency.bandcamp.com/album/blankfive
https://exceptionalfrequency.bandcamp.com/album/blind
https://exceptionalfrequency.bandcamp.com/album/blind-beats
https://exceptionalfrequency.bandcamp.com/album/blind-leopard
https://exceptionalfrequency.bandcamp.com/album/blindbeast1
https://exceptionalfrequency.bandcamp.com/album/blocks
https://exceptionalfrequency.bandcamp.com/album/blossom
https://exceptionalfrequency.bandcamp.com/album/blow-up
https://exceptionalfrequency.bandcamp.com/album/blueday
https://exceptionalfrequency.bandcamp.com/album/blues-minus-ocean-extended-play
https://exceptionalfrequency.bandcamp.com/album/blurring
https://exceptionalfrequency.bandcamp.com/album/bon-voyage1
https://exceptionalfrequency.bandcamp.com/album/bon-voyage2
https://exceptionalfrequency.bandcamp.com/album/bon-voyage3
https://exceptionalfrequency.bandcamp.com/album/bon-voyage4
https://exceptionalfrequency.bandcamp.com/album/bon-voyage5-eternal-railroad
https://exceptionalfrequency.bandcamp.com/album/bon-voyage6
https://exceptionalfrequency.bandcamp.com/album/bon-voyage7
https://exceptionalfrequency.bandcamp.com/album/bon-voyage8
https://exceptionalfrequency.bandcamp.com/album/bone-machine
https://exceptionalfrequency.bandcamp.com/album/border-crossing
https://exceptionalfrequency.bandcamp.com/album/bottle-holiday
https://exceptionalfrequency.bandcamp.com/album/bottom-ii
https://exceptionalfrequency.bandcamp.com/album/bottom-iii
https://exceptionalfrequency.bandcamp.com/album/box1
https://exceptionalfrequency.bandcamp.com/album/box10
https://exceptionalfrequency.bandcamp.com/album/box11
https://exceptionalfrequency.bandcamp.com/album/box12
https://exceptionalfrequency.bandcamp.com/album/box13-theprodigy
https://exceptionalfrequency.bandcamp.com/album/box14
https://exceptionalfrequency.bandcamp.com/album/box15
https://exceptionalfrequency.bandcamp.com/album/box16
https://exceptionalfrequency.bandcamp.com/album/box17
https://exceptionalfrequency.bandcamp.com/album/box18
https://exceptionalfrequency.bandcamp.com/album/box19
https://exceptionalfrequency.bandcamp.com/album/box2
https://exceptionalfrequency.bandcamp.com/album/box20
https://exceptionalfrequency.bandcamp.com/album/box21-2
https://exceptionalfrequency.bandcamp.com/album/box22
https://exceptionalfrequency.bandcamp.com/album/box23
https://exceptionalfrequency.bandcamp.com/album/box24
https://exceptionalfrequency.bandcamp.com/album/box25
https://exceptionalfrequency.bandcamp.com/album/box26
https://exceptionalfrequency.bandcamp.com/album/box27
https://exceptionalfrequency.bandcamp.com/album/box28
https://exceptionalfrequency.bandcamp.com/album/box29
https://exceptionalfrequency.bandcamp.com/album/box3
https://exceptionalfrequency.bandcamp.com/album/box30
https://exceptionalfrequency.bandcamp.com/album/box31
https://exceptionalfrequency.bandcamp.com/album/box32
https://exceptionalfrequency.bandcamp.com/album/box33
https://exceptionalfrequency.bandcamp.com/album/box4
https://exceptionalfrequency.bandcamp.com/album/box5
https://exceptionalfrequency.bandcamp.com/album/box6
https://exceptionalfrequency.bandcamp.com/album/box7
https://exceptionalfrequency.bandcamp.com/album/box8
https://exceptionalfrequency.bandcamp.com/album/box9
https://exceptionalfrequency.bandcamp.com/album/boy
https://exceptionalfrequency.bandcamp.com/album/brazil-2019-remastered
https://exceptionalfrequency.bandcamp.com/album/breathing-in-passing-through-thinking-of
https://exceptionalfrequency.bandcamp.com/album/brewing
https://exceptionalfrequency.bandcamp.com/album/bright-spring
https://exceptionalfrequency.bandcamp.com/album/broadcast
https://exceptionalfrequency.bandcamp.com/album/broadcast2
https://exceptionalfrequency.bandcamp.com/album/broken-face
https://exceptionalfrequency.bandcamp.com/album/broken-spirit
https://exceptionalfrequency.bandcamp.com/album/broken-winds
https://exceptionalfrequency.bandcamp.com/album/brokenhighway
https://exceptionalfrequency.bandcamp.com/album/buddha
https://exceptionalfrequency.bandcamp.com/album/buddha-live-24bit96khz
https://exceptionalfrequency.bandcamp.com/album/buddha-live-24bit96khz-2
https://exceptionalfrequency.bandcamp.com/album/buddha-live-24bit96khz-3
https://exceptionalfrequency.bandcamp.com/album/buddha-special-edition-1
https://exceptionalfrequency.bandcamp.com/album/buddha-special-edition-2-24bit96khz
https://exceptionalfrequency.bandcamp.com/album/buddha-special-edition-3-24bit96khz
https://exceptionalfrequency.bandcamp.com/album/buddha-special-edition-4
https://exceptionalfrequency.bandcamp.com/album/buddha-tomato-ketchup-digital-synth-experimental-collection
https://exceptionalfrequency.bandcamp.com/album/buddha-vol-ii
https://exceptionalfrequency.bandcamp.com/album/buddha-vol-iv-24bit96khz
https://exceptionalfrequency.bandcamp.com/album/buddha-vol-ix-24bit96khz
https://exceptionalfrequency.bandcamp.com/album/buddha-vol-l-24bit96khz
https://exceptionalfrequency.bandcamp.com/album/buddha-vol-li
https://exceptionalfrequency.bandcamp.com/album/buddha-vol-lii-24bit96khz
https://exceptionalfrequency.bandcamp.com/album/buddha-vol-liii
https://exceptionalfrequency.bandcamp.com/album/buddha-vol-liv-24bit96khz
https://exceptionalfrequency.bandcamp.com/album/buddha-vol-lix-24bit96khz
https://exceptionalfrequency.bandcamp.com/album/buddha-vol-lv-the-rain-night-24bit96khz
https://exceptionalfrequency.bandcamp.com/album/buddha-vol-lvi-24bit96khz
https://exceptionalfrequency.bandcamp.com/album/buddha-vol-lvii-24bit96khz
https://exceptionalfrequency.bandcamp.com/album/buddha-vol-lviii
https://exceptionalfrequency.bandcamp.com/album/buddha-vol-lx-24bit96khz
https://exceptionalfrequency.bandcamp.com/album/buddha-vol-lxi-24bit96khz-2
https://exceptionalfrequency.bandcamp.com/album/buddha-vol-lxiii-24bit96khz-mono
https://exceptionalfrequency.bandcamp.com/album/buddha-vol-lxiv-in-mono
https://exceptionalfrequency.bandcamp.com/album/buddha-vol-lxix-24bit96khz
https://exceptionalfrequency.bandcamp.com/album/buddha-vol-lxv-24bit96khz
https://exceptionalfrequency.bandcamp.com/album/buddha-vol-lxvi-24bit96khz-2
https://exceptionalfrequency.bandcamp.com/album/buddha-vol-lxvii-24bit96khz
https://exceptionalfrequency.bandcamp.com/album/buddha-vol-lxviii-24bit96khz
https://exceptionalfrequency.bandcamp.com/album/buddha-vol-lxx-24bit96khz-mono
https://exceptionalfrequency.bandcamp.com/album/buddha-vol-lxxii
https://exceptionalfrequency.bandcamp.com/album/buddha-vol-lxxiii-24bit96khz
https://exceptionalfrequency.bandcamp.com/album/buddha-vol-lxxiv
https://exceptionalfrequency.bandcamp.com/album/buddha-vol-lxxix-24bit96khz
https://exceptionalfrequency.bandcamp.com/album/buddha-vol-lxxv-24bit96khz
https://exceptionalfrequency.bandcamp.com/album/buddha-vol-lxxvi-24bit96khz
https://exceptionalfrequency.bandcamp.com/album/buddha-vol-lxxvii-24bit96khz
https://exceptionalfrequency.bandcamp.com/album/buddha-vol-lxxviii-24bit96khz
https://exceptionalfrequency.bandcamp.com/album/buddha-vol-lxxx-24bit96khz
https://exceptionalfrequency.bandcamp.com/album/buddha-vol-lxxxi-24bit96khz
https://exceptionalfrequency.bandcamp.com/album/buddha-vol-lxxxii-24bit96khz
https://exceptionalfrequency.bandcamp.com/album/buddha-vol-lxxxiv
https://exceptionalfrequency.bandcamp.com/album/buddha-vol-lxxxv-24bit96khz
https://exceptionalfrequency.bandcamp.com/album/buddha-vol-lxxxvi
https://exceptionalfrequency.bandcamp.com/album/buddha-vol-v-24bit96khz
https://exceptionalfrequency.bandcamp.com/album/buddha-vol-vi-24bit88khz
https://exceptionalfrequency.bandcamp.com/album/buddha-vol-vii-24bit96khz
https://exceptionalfrequency.bandcamp.com/album/buddha-vol-viii
https://exceptionalfrequency.bandcamp.com/album/buddha-vol-xii-24bit96khz
https://exceptionalfrequency.bandcamp.com/album/buddha-vol-xl-24bit96khz
https://exceptionalfrequency.bandcamp.com/album/buddha-vol-xlvi-24bit96khz
https://exceptionalfrequency.bandcamp.com/album/buddha-vol-xlvii-24bit96khz
https://exceptionalfrequency.bandcamp.com/album/buddha-vol-xlviii-24bit96khz
https://exceptionalfrequency.bandcamp.com/album/buddha-vol-xvi-24bit96khz
https://exceptionalfrequency.bandcamp.com/album/buddha-vol-xvii-24bit96khz
https://exceptionalfrequency.bandcamp.com/album/buddha-vol-xviii-24bit96khz
https://exceptionalfrequency.bandcamp.com/album/buddha-vol-xx-24bit96khz
https://exceptionalfrequency.bandcamp.com/album/buddha-vol-xxi-24bit96khz
https://exceptionalfrequency.bandcamp.com/album/buddha-vol-xxii-24bit96khz
https://exceptionalfrequency.bandcamp.com/album/buddha-vol-xxiii-24bit96khz
https://exceptionalfrequency.bandcamp.com/album/buddha-vol-xxix-24bit96khz
https://exceptionalfrequency.bandcamp.com/album/buddha-vol-xxv-24bit96khz
https://exceptionalfrequency.bandcamp.com/album/buddha-vol-xxvi-24bit96khz
https://exceptionalfrequency.bandcamp.com/album/buddha-vol-xxvii-24bit96khz
https://exceptionalfrequency.bandcamp.com/album/buddha-vol-xxviii-24bit96khz
https://exceptionalfrequency.bandcamp.com/album/buddha-vol-xxx-ep-24bit96khz
https://exceptionalfrequency.bandcamp.com/album/buddha-vol-xxxi-24bit96khz
https://exceptionalfrequency.bandcamp.com/album/buddha-vol-xxxii
https://exceptionalfrequency.bandcamp.com/album/buddha-vol-xxxiii-24bit96khz
https://exceptionalfrequency.bandcamp.com/album/buddha-vol-xxxix-24bit96khz-2
https://exceptionalfrequency.bandcamp.com/album/buddha-vol-xxxv-24bit96khz
https://exceptionalfrequency.bandcamp.com/album/buddha-vol-xxxvi-24bit96khz
https://exceptionalfrequency.bandcamp.com/album/buddha-vol-xxxvii-24bit96khz
https://exceptionalfrequency.bandcamp.com/album/buddha-vol-xxxviii-24bit96khz
https://exceptionalfrequency.bandcamp.com/album/buddha1
https://exceptionalfrequency.bandcamp.com/album/buddha10
https://exceptionalfrequency.bandcamp.com/album/buddha11
https://exceptionalfrequency.bandcamp.com/album/buddha13
https://exceptionalfrequency.bandcamp.com/album/buddha14
https://exceptionalfrequency.bandcamp.com/album/buddha15
https://exceptionalfrequency.bandcamp.com/album/buddha19
https://exceptionalfrequency.bandcamp.com/album/buddha24
https://exceptionalfrequency.bandcamp.com/album/buddha3
https://exceptionalfrequency.bandcamp.com/album/buddha34
https://exceptionalfrequency.bandcamp.com/album/buddha41
https://exceptionalfrequency.bandcamp.com/album/buddha42
https://exceptionalfrequency.bandcamp.com/album/buddha43
https://exceptionalfrequency.bandcamp.com/album/buddha44
https://exceptionalfrequency.bandcamp.com/album/buddha45
https://exceptionalfrequency.bandcamp.com/album/buddha51
https://exceptionalfrequency.bandcamp.com/album/buddha62-dedicated-to-roel-meelkop
https://exceptionalfrequency.bandcamp.com/album/buddha71
https://exceptionalfrequency.bandcamp.com/album/buddha83
https://exceptionalfrequency.bandcamp.com/album/buffalo
https://exceptionalfrequency.bandcamp.com/album/bugs
https://exceptionalfrequency.bandcamp.com/album/bukit-bintang-kuala-lumpur-solo-guitar-improvisations-vol-19
https://exceptionalfrequency.bandcamp.com/album/buried
https://exceptionalfrequency.bandcamp.com/album/burn-for-a-dance-theater-performance-ost
https://exceptionalfrequency.bandcamp.com/album/burning-night
https://exceptionalfrequency.bandcamp.com/album/burning-riot-2
https://exceptionalfrequency.bandcamp.com/album/burninup
https://exceptionalfrequency.bandcamp.com/album/busan-2016
https://exceptionalfrequency.bandcamp.com/album/but-he-might-not-like-it
https://exceptionalfrequency.bandcamp.com/album/butterfly-grasshopper
https://exceptionalfrequency.bandcamp.com/album/buzzing-along
https://exceptionalfrequency.bandcamp.com/album/cabin-fever-single
https://exceptionalfrequency.bandcamp.com/album/call-me-alien-single
https://exceptionalfrequency.bandcamp.com/album/camel
https://exceptionalfrequency.bandcamp.com/album/can-be-nice
https://exceptionalfrequency.bandcamp.com/album/candle-timer
https://exceptionalfrequency.bandcamp.com/album/cans-of-thought
https://exceptionalfrequency.bandcamp.com/album/capability
https://exceptionalfrequency.bandcamp.com/album/capital-village
https://exceptionalfrequency.bandcamp.com/album/captured-field-recording-in-new-zealand
https://exceptionalfrequency.bandcamp.com/album/car-booth-trip-24bit96khz
https://exceptionalfrequency.bandcamp.com/album/carbonize
https://exceptionalfrequency.bandcamp.com/album/carbonstreet-a-tribute-to-merzbow
https://exceptionalfrequency.bandcamp.com/album/carnivalofsouls
https://exceptionalfrequency.bandcamp.com/album/carried-slowly
https://exceptionalfrequency.bandcamp.com/album/casino1
https://exceptionalfrequency.bandcamp.com/album/casino2
https://exceptionalfrequency.bandcamp.com/album/casino3
https://exceptionalfrequency.bandcamp.com/album/casualtydept
https://exceptionalfrequency.bandcamp.com/album/cells
https://exceptionalfrequency.bandcamp.com/album/cementmetal
https://exceptionalfrequency.bandcamp.com/album/ceramic
https://exceptionalfrequency.bandcamp.com/album/chameleon
https://exceptionalfrequency.bandcamp.com/album/changelog
https://exceptionalfrequency.bandcamp.com/album/charisma
https://exceptionalfrequency.bandcamp.com/album/chasing-impressions
https://exceptionalfrequency.bandcamp.com/album/chasingblackcar
https://exceptionalfrequency.bandcamp.com/album/cheap-psychology
https://exceptionalfrequency.bandcamp.com/album/chocolate-flower
https://exceptionalfrequency.bandcamp.com/album/chocolate-sun
https://exceptionalfrequency.bandcamp.com/album/christina-dance-alone
https://exceptionalfrequency.bandcamp.com/album/chrome-moon
https://exceptionalfrequency.bandcamp.com/album/cicadas-1
https://exceptionalfrequency.bandcamp.com/album/circle
https://exceptionalfrequency.bandcamp.com/album/claim
https://exceptionalfrequency.bandcamp.com/album/cleanliness
https://exceptionalfrequency.bandcamp.com/album/climbinglowlands
https://exceptionalfrequency.bandcamp.com/album/clock-ticking-ticking-clock
https://exceptionalfrequency.bandcamp.com/album/clockwork-rhapsody
https://exceptionalfrequency.bandcamp.com/album/clone-no-1
https://exceptionalfrequency.bandcamp.com/album/clone-no-12
https://exceptionalfrequency.bandcamp.com/album/clone-no-13
https://exceptionalfrequency.bandcamp.com/album/clone-no-14
https://exceptionalfrequency.bandcamp.com/album/clone-no-15
https://exceptionalfrequency.bandcamp.com/album/clone-no-16
https://exceptionalfrequency.bandcamp.com/album/clone-no-17
https://exceptionalfrequency.bandcamp.com/album/clone-no-2
https://exceptionalfrequency.bandcamp.com/album/clone-no-22
https://exceptionalfrequency.bandcamp.com/album/clone-no-23
https://exceptionalfrequency.bandcamp.com/album/clone-no-4
https://exceptionalfrequency.bandcamp.com/album/clone-no-49
https://exceptionalfrequency.bandcamp.com/album/clone-no-5
https://exceptionalfrequency.bandcamp.com/album/clone-no-55
https://exceptionalfrequency.bandcamp.com/album/clone-no-6
https://exceptionalfrequency.bandcamp.com/album/clone-no-7
https://exceptionalfrequency.bandcamp.com/album/clone-no-8
https://exceptionalfrequency.bandcamp.com/album/clone-no-85
https://exceptionalfrequency.bandcamp.com/album/clone-vol-xi
https://exceptionalfrequency.bandcamp.com/album/clone-vol-xx
https://exceptionalfrequency.bandcamp.com/album/clone-vol-xxi
https://exceptionalfrequency.bandcamp.com/album/clone10
https://exceptionalfrequency.bandcamp.com/album/clone10-0
https://exceptionalfrequency.bandcamp.com/album/clone10-1
https://exceptionalfrequency.bandcamp.com/album/clone10-10
https://exceptionalfrequency.bandcamp.com/album/clone10-2
https://exceptionalfrequency.bandcamp.com/album/clone10-20
https://exceptionalfrequency.bandcamp.com/album/clone10-3
https://exceptionalfrequency.bandcamp.com/album/clone10-4
https://exceptionalfrequency.bandcamp.com/album/clone10-5
https://exceptionalfrequency.bandcamp.com/album/clone10-6
https://exceptionalfrequency.bandcamp.com/album/clone10-7
https://exceptionalfrequency.bandcamp.com/album/clone10-8
https://exceptionalfrequency.bandcamp.com/album/clone10-9
https://exceptionalfrequency.bandcamp.com/album/clone100-11
https://exceptionalfrequency.bandcamp.com/album/clone100-12
https://exceptionalfrequency.bandcamp.com/album/clone100-13
https://exceptionalfrequency.bandcamp.com/album/clone100-14
https://exceptionalfrequency.bandcamp.com/album/clone100-15
https://exceptionalfrequency.bandcamp.com/album/clone100-16
https://exceptionalfrequency.bandcamp.com/album/clone100-17
https://exceptionalfrequency.bandcamp.com/album/clone100-18
https://exceptionalfrequency.bandcamp.com/album/clone100-19
https://exceptionalfrequency.bandcamp.com/album/clone100-21
https://exceptionalfrequency.bandcamp.com/album/clone100-22
https://exceptionalfrequency.bandcamp.com/album/clone100-23
https://exceptionalfrequency.bandcamp.com/album/clone100-24
https://exceptionalfrequency.bandcamp.com/album/clone100-25
https://exceptionalfrequency.bandcamp.com/album/clone18
https://exceptionalfrequency.bandcamp.com/album/clone19
https://exceptionalfrequency.bandcamp.com/album/clone24
https://exceptionalfrequency.bandcamp.com/album/clone25
https://exceptionalfrequency.bandcamp.com/album/clone26
https://exceptionalfrequency.bandcamp.com/album/clone27
https://exceptionalfrequency.bandcamp.com/album/clone28
https://exceptionalfrequency.bandcamp.com/album/clone29
https://exceptionalfrequency.bandcamp.com/album/clone3
https://exceptionalfrequency.bandcamp.com/album/clone30
https://exceptionalfrequency.bandcamp.com/album/clone31
https://exceptionalfrequency.bandcamp.com/album/clone32
https://exceptionalfrequency.bandcamp.com/album/clone33
https://exceptionalfrequency.bandcamp.com/album/clone34
https://exceptionalfrequency.bandcamp.com/album/clone35
https://exceptionalfrequency.bandcamp.com/album/clone36
https://exceptionalfrequency.bandcamp.com/album/clone37
https://exceptionalfrequency.bandcamp.com/album/clone38
https://exceptionalfrequency.bandcamp.com/album/clone39
https://exceptionalfrequency.bandcamp.com/album/clone40
https://exceptionalfrequency.bandcamp.com/album/clone41
https://exceptionalfrequency.bandcamp.com/album/clone42
https://exceptionalfrequency.bandcamp.com/album/clone43
https://exceptionalfrequency.bandcamp.com/album/clone44
https://exceptionalfrequency.bandcamp.com/album/clone45
https://exceptionalfrequency.bandcamp.com/album/clone46
https://exceptionalfrequency.bandcamp.com/album/clone47
https://exceptionalfrequency.bandcamp.com/album/clone48
https://exceptionalfrequency.bandcamp.com/album/clone50
https://exceptionalfrequency.bandcamp.com/album/clone51
https://exceptionalfrequency.bandcamp.com/album/clone52
https://exceptionalfrequency.bandcamp.com/album/clone53
https://exceptionalfrequency.bandcamp.com/album/clone54
https://exceptionalfrequency.bandcamp.com/album/clone56
https://exceptionalfrequency.bandcamp.com/album/clone57
https://exceptionalfrequency.bandcamp.com/album/clone58
https://exceptionalfrequency.bandcamp.com/album/clone59
https://exceptionalfrequency.bandcamp.com/album/clone60
https://exceptionalfrequency.bandcamp.com/album/clone61
https://exceptionalfrequency.bandcamp.com/album/clone62
https://exceptionalfrequency.bandcamp.com/album/clone63
https://exceptionalfrequency.bandcamp.com/album/clone64
https://exceptionalfrequency.bandcamp.com/album/clone65
https://exceptionalfrequency.bandcamp.com/album/clone66
https://exceptionalfrequency.bandcamp.com/album/clone67
https://exceptionalfrequency.bandcamp.com/album/clone68
https://exceptionalfrequency.bandcamp.com/album/clone69
https://exceptionalfrequency.bandcamp.com/album/clone70
https://exceptionalfrequency.bandcamp.com/album/clone71
https://exceptionalfrequency.bandcamp.com/album/clone72
https://exceptionalfrequency.bandcamp.com/album/clone73
https://exceptionalfrequency.bandcamp.com/album/clone74
https://exceptionalfrequency.bandcamp.com/album/clone75
https://exceptionalfrequency.bandcamp.com/album/clone76
https://exceptionalfrequency.bandcamp.com/album/clone77
https://exceptionalfrequency.bandcamp.com/album/clone78
https://exceptionalfrequency.bandcamp.com/album/clone79
https://exceptionalfrequency.bandcamp.com/album/clone80
https://exceptionalfrequency.bandcamp.com/album/clone81
https://exceptionalfrequency.bandcamp.com/album/clone82
https://exceptionalfrequency.bandcamp.com/album/clone83
https://exceptionalfrequency.bandcamp.com/album/clone84
https://exceptionalfrequency.bandcamp.com/album/clone86
https://exceptionalfrequency.bandcamp.com/album/clone87
https://exceptionalfrequency.bandcamp.com/album/clone88
https://exceptionalfrequency.bandcamp.com/album/clone89
https://exceptionalfrequency.bandcamp.com/album/clone9
https://exceptionalfrequency.bandcamp.com/album/clone90
https://exceptionalfrequency.bandcamp.com/album/clone91
https://exceptionalfrequency.bandcamp.com/album/clone92
https://exceptionalfrequency.bandcamp.com/album/clone93
https://exceptionalfrequency.bandcamp.com/album/clone94
https://exceptionalfrequency.bandcamp.com/album/clone95
https://exceptionalfrequency.bandcamp.com/album/clone96
https://exceptionalfrequency.bandcamp.com/album/clone97
https://exceptionalfrequency.bandcamp.com/album/clone98
https://exceptionalfrequency.bandcamp.com/album/clone99
https://exceptionalfrequency.bandcamp.com/album/clouds
https://exceptionalfrequency.bandcamp.com/album/coco
https://exceptionalfrequency.bandcamp.com/album/code
https://exceptionalfrequency.bandcamp.com/album/code-solo-guitar-improvisations-vol-23
https://exceptionalfrequency.bandcamp.com/album/coffee-20260114
https://exceptionalfrequency.bandcamp.com/album/cold-blood
https://exceptionalfrequency.bandcamp.com/album/comb-the-earth
https://exceptionalfrequency.bandcamp.com/album/confront
https://exceptionalfrequency.bandcamp.com/album/considerations
https://exceptionalfrequency.bandcamp.com/album/consumption
https://exceptionalfrequency.bandcamp.com/album/contact
https://exceptionalfrequency.bandcamp.com/album/continue
https://exceptionalfrequency.bandcamp.com/album/continuity
https://exceptionalfrequency.bandcamp.com/album/contracadence
https://exceptionalfrequency.bandcamp.com/album/cottoncandy4
https://exceptionalfrequency.bandcamp.com/album/cottoncandyvolume2
https://exceptionalfrequency.bandcamp.com/album/cottoncandyvolume3
https://exceptionalfrequency.bandcamp.com/album/country-man
https://exceptionalfrequency.bandcamp.com/album/cracks
https://exceptionalfrequency.bandcamp.com/album/cracks-2026-rm
https://exceptionalfrequency.bandcamp.com/album/criss-cross
https://exceptionalfrequency.bandcamp.com/album/cross-path
https://exceptionalfrequency.bandcamp.com/album/crosscurrent
https://exceptionalfrequency.bandcamp.com/album/crossing
https://exceptionalfrequency.bandcamp.com/album/crosswordbuffalo
https://exceptionalfrequency.bandcamp.com/album/crowdark
https://exceptionalfrequency.bandcamp.com/album/crystal-dedicated-to-liane-radigue
https://exceptionalfrequency.bandcamp.com/album/cubist
https://exceptionalfrequency.bandcamp.com/album/curios-bug
https://exceptionalfrequency.bandcamp.com/album/cut-field-mirror
https://exceptionalfrequency.bandcamp.com/album/cut-out
https://exceptionalfrequency.bandcamp.com/album/cutting-fish
https://exceptionalfrequency.bandcamp.com/album/cyber-hyper
https://exceptionalfrequency.bandcamp.com/album/cyber-st-louis
https://exceptionalfrequency.bandcamp.com/album/cylinder
https://exceptionalfrequency.bandcamp.com/album/d-j-vu-vol-1
https://exceptionalfrequency.bandcamp.com/album/d-j-vu-vol-10
https://exceptionalfrequency.bandcamp.com/album/d-j-vu-vol-11
https://exceptionalfrequency.bandcamp.com/album/d-j-vu-vol-12
https://exceptionalfrequency.bandcamp.com/album/d-j-vu-vol-13-emergency
https://exceptionalfrequency.bandcamp.com/album/d-j-vu-vol-14
https://exceptionalfrequency.bandcamp.com/album/d-j-vu-vol-2
https://exceptionalfrequency.bandcamp.com/album/d-j-vu-vol-3
https://exceptionalfrequency.bandcamp.com/album/d-j-vu-vol-4
https://exceptionalfrequency.bandcamp.com/album/d-j-vu-vol-5
https://exceptionalfrequency.bandcamp.com/album/d-j-vu-vol-6
https://exceptionalfrequency.bandcamp.com/album/d-j-vu-vol-7
https://exceptionalfrequency.bandcamp.com/album/d-j-vu-vol-8
https://exceptionalfrequency.bandcamp.com/album/d-j-vu-vol-9
https://exceptionalfrequency.bandcamp.com/album/d-j-vu15
https://exceptionalfrequency.bandcamp.com/album/d-j-vu16-night-fall
https://exceptionalfrequency.bandcamp.com/album/d-j-vu17
https://exceptionalfrequency.bandcamp.com/album/d-j-vu18
https://exceptionalfrequency.bandcamp.com/album/d-j-vu19
https://exceptionalfrequency.bandcamp.com/album/d-j-vu20
https://exceptionalfrequency.bandcamp.com/album/d-j-vu21
https://exceptionalfrequency.bandcamp.com/album/d-j-vu22
https://exceptionalfrequency.bandcamp.com/album/d-j-vu23
https://exceptionalfrequency.bandcamp.com/album/daily-routines
https://exceptionalfrequency.bandcamp.com/album/dance-on-eight-arms
https://exceptionalfrequency.bandcamp.com/album/dance-shoes-exercise
https://exceptionalfrequency.bandcamp.com/album/dancing
https://exceptionalfrequency.bandcamp.com/album/dancing-in-your-head
https://exceptionalfrequency.bandcamp.com/album/dark
https://exceptionalfrequency.bandcamp.com/album/dark-lord
https://exceptionalfrequency.bandcamp.com/album/darkearth
https://exceptionalfrequency.bandcamp.com/album/darkness-beyond-the-sun
https://exceptionalfrequency.bandcamp.com/album/data-transfer
https://exceptionalfrequency.bandcamp.com/album/date-piece-oct-31st-2020
https://exceptionalfrequency.bandcamp.com/album/dawn-fraser-baths-balmain-sydney-new-south-wales-australia
https://exceptionalfrequency.bandcamp.com/album/day-for-night
https://exceptionalfrequency.bandcamp.com/album/daydream-in-the-speed-of-light
https://exceptionalfrequency.bandcamp.com/album/daydream-in-the-speed-of-light-for-orchestra
https://exceptionalfrequency.bandcamp.com/album/daydreamdal
https://exceptionalfrequency.bandcamp.com/album/de-vote
https://exceptionalfrequency.bandcamp.com/album/dead-end
https://exceptionalfrequency.bandcamp.com/album/dead-end-2
https://exceptionalfrequency.bandcamp.com/album/dear-dear-dedicated-to-thelonious-monk-and-steve-lacy
https://exceptionalfrequency.bandcamp.com/album/dear-room
https://exceptionalfrequency.bandcamp.com/album/decent-sampler
https://exceptionalfrequency.bandcamp.com/album/dedicated-to-andrei-tarkovsky
https://exceptionalfrequency.bandcamp.com/album/dedicated-to-karlheinz-stockhausen
https://exceptionalfrequency.bandcamp.com/album/deep-ground
https://exceptionalfrequency.bandcamp.com/album/deep-sleep
https://exceptionalfrequency.bandcamp.com/album/deep-unconscious
https://exceptionalfrequency.bandcamp.com/album/degradable
https://exceptionalfrequency.bandcamp.com/album/delicated-to-fred-frith
https://exceptionalfrequency.bandcamp.com/album/deluxe-combo
https://exceptionalfrequency.bandcamp.com/album/department-store
https://exceptionalfrequency.bandcamp.com/album/deserted
https://exceptionalfrequency.bandcamp.com/album/deserted-island-aphasia
https://exceptionalfrequency.bandcamp.com/album/desertedmoonlight
https://exceptionalfrequency.bandcamp.com/album/desire1
https://exceptionalfrequency.bandcamp.com/album/desire10
https://exceptionalfrequency.bandcamp.com/album/desire11
https://exceptionalfrequency.bandcamp.com/album/desire12
https://exceptionalfrequency.bandcamp.com/album/desire13
https://exceptionalfrequency.bandcamp.com/album/desire14
https://exceptionalfrequency.bandcamp.com/album/desire15
https://exceptionalfrequency.bandcamp.com/album/desire16
https://exceptionalfrequency.bandcamp.com/album/desire17
https://exceptionalfrequency.bandcamp.com/album/desire18
https://exceptionalfrequency.bandcamp.com/album/desire19
https://exceptionalfrequency.bandcamp.com/album/desire2
https://exceptionalfrequency.bandcamp.com/album/desire20
https://exceptionalfrequency.bandcamp.com/album/desire21
https://exceptionalfrequency.bandcamp.com/album/desire22
https://exceptionalfrequency.bandcamp.com/album/desire23
https://exceptionalfrequency.bandcamp.com/album/desire24
https://exceptionalfrequency.bandcamp.com/album/desire25
https://exceptionalfrequency.bandcamp.com/album/desire26
https://exceptionalfrequency.bandcamp.com/album/desire27
https://exceptionalfrequency.bandcamp.com/album/desire28
https://exceptionalfrequency.bandcamp.com/album/desire29
https://exceptionalfrequency.bandcamp.com/album/desire3
https://exceptionalfrequency.bandcamp.com/album/desire30
https://exceptionalfrequency.bandcamp.com/album/desire31
https://exceptionalfrequency.bandcamp.com/album/desire32
https://exceptionalfrequency.bandcamp.com/album/desire33
https://exceptionalfrequency.bandcamp.com/album/desire34
https://exceptionalfrequency.bandcamp.com/album/desire35
https://exceptionalfrequency.bandcamp.com/album/desire36
https://exceptionalfrequency.bandcamp.com/album/desire37
https://exceptionalfrequency.bandcamp.com/album/desire38
https://exceptionalfrequency.bandcamp.com/album/desire39
https://exceptionalfrequency.bandcamp.com/album/desire4
https://exceptionalfrequency.bandcamp.com/album/desire40
https://exceptionalfrequency.bandcamp.com/album/desire41
https://exceptionalfrequency.bandcamp.com/album/desire42
https://exceptionalfrequency.bandcamp.com/album/desire43
https://exceptionalfrequency.bandcamp.com/album/desire44
https://exceptionalfrequency.bandcamp.com/album/desire45
https://exceptionalfrequency.bandcamp.com/album/desire46
https://exceptionalfrequency.bandcamp.com/album/desire47
https://exceptionalfrequency.bandcamp.com/album/desire48
https://exceptionalfrequency.bandcamp.com/album/desire49
https://exceptionalfrequency.bandcamp.com/album/desire5
https://exceptionalfrequency.bandcamp.com/album/desire50
https://exceptionalfrequency.bandcamp.com/album/desire51
https://exceptionalfrequency.bandcamp.com/album/desire52
https://exceptionalfrequency.bandcamp.com/album/desire53
https://exceptionalfrequency.bandcamp.com/album/desire54
https://exceptionalfrequency.bandcamp.com/album/desire55
https://exceptionalfrequency.bandcamp.com/album/desire56
https://exceptionalfrequency.bandcamp.com/album/desire57
https://exceptionalfrequency.bandcamp.com/album/desire58
https://exceptionalfrequency.bandcamp.com/album/desire59
https://exceptionalfrequency.bandcamp.com/album/desire6
https://exceptionalfrequency.bandcamp.com/album/desire60
https://exceptionalfrequency.bandcamp.com/album/desire61
https://exceptionalfrequency.bandcamp.com/album/desire62
https://exceptionalfrequency.bandcamp.com/album/desire63
https://exceptionalfrequency.bandcamp.com/album/desire64
https://exceptionalfrequency.bandcamp.com/album/desire65
https://exceptionalfrequency.bandcamp.com/album/desire66
https://exceptionalfrequency.bandcamp.com/album/desire67
https://exceptionalfrequency.bandcamp.com/album/desire68
https://exceptionalfrequency.bandcamp.com/album/desire69
https://exceptionalfrequency.bandcamp.com/album/desire7
https://exceptionalfrequency.bandcamp.com/album/desire70
https://exceptionalfrequency.bandcamp.com/album/desire71
https://exceptionalfrequency.bandcamp.com/album/desire72
https://exceptionalfrequency.bandcamp.com/album/desire73
https://exceptionalfrequency.bandcamp.com/album/desire74
https://exceptionalfrequency.bandcamp.com/album/desire75
https://exceptionalfrequency.bandcamp.com/album/desire76
https://exceptionalfrequency.bandcamp.com/album/desire77
https://exceptionalfrequency.bandcamp.com/album/desire8
https://exceptionalfrequency.bandcamp.com/album/desire9
https://exceptionalfrequency.bandcamp.com/album/devil1
https://exceptionalfrequency.bandcamp.com/album/devil10
https://exceptionalfrequency.bandcamp.com/album/devil11
https://exceptionalfrequency.bandcamp.com/album/devil12
https://exceptionalfrequency.bandcamp.com/album/devil13
https://exceptionalfrequency.bandcamp.com/album/devil14
https://exceptionalfrequency.bandcamp.com/album/devil2
https://exceptionalfrequency.bandcamp.com/album/devil3
https://exceptionalfrequency.bandcamp.com/album/devil4
https://exceptionalfrequency.bandcamp.com/album/devil5
https://exceptionalfrequency.bandcamp.com/album/devil6
https://exceptionalfrequency.bandcamp.com/album/devil7
https://exceptionalfrequency.bandcamp.com/album/devil8
https://exceptionalfrequency.bandcamp.com/album/devil9
https://exceptionalfrequency.bandcamp.com/album/diamond-sky
https://exceptionalfrequency.bandcamp.com/album/dig-a-hole
https://exceptionalfrequency.bandcamp.com/album/digital-bath-rain-forest
https://exceptionalfrequency.bandcamp.com/album/digital-stone-age
https://exceptionalfrequency.bandcamp.com/album/digital-wildlife
https://exceptionalfrequency.bandcamp.com/album/digital-wildlife-2
https://exceptionalfrequency.bandcamp.com/album/digitallull
https://exceptionalfrequency.bandcamp.com/album/dim
https://exceptionalfrequency.bandcamp.com/album/dimensionalweather
https://exceptionalfrequency.bandcamp.com/album/dimensions
https://exceptionalfrequency.bandcamp.com/album/diminished
https://exceptionalfrequency.bandcamp.com/album/dirty
https://exceptionalfrequency.bandcamp.com/album/disconnected
https://exceptionalfrequency.bandcamp.com/album/discovery-engine
https://exceptionalfrequency.bandcamp.com/album/disengage1
https://exceptionalfrequency.bandcamp.com/album/disengage10
https://exceptionalfrequency.bandcamp.com/album/disengage11-2
https://exceptionalfrequency.bandcamp.com/album/disengage12
https://exceptionalfrequency.bandcamp.com/album/disengage13
https://exceptionalfrequency.bandcamp.com/album/disengage14
https://exceptionalfrequency.bandcamp.com/album/disengage15
https://exceptionalfrequency.bandcamp.com/album/disengage17
https://exceptionalfrequency.bandcamp.com/album/disengage18
https://exceptionalfrequency.bandcamp.com/album/disengage19
https://exceptionalfrequency.bandcamp.com/album/disengage2
https://exceptionalfrequency.bandcamp.com/album/disengage20
https://exceptionalfrequency.bandcamp.com/album/disengage21
https://exceptionalfrequency.bandcamp.com/album/disengage22
https://exceptionalfrequency.bandcamp.com/album/disengage23
https://exceptionalfrequency.bandcamp.com/album/disengage24
https://exceptionalfrequency.bandcamp.com/album/disengage25
https://exceptionalfrequency.bandcamp.com/album/disengage26
https://exceptionalfrequency.bandcamp.com/album/disengage27
https://exceptionalfrequency.bandcamp.com/album/disengage28
https://exceptionalfrequency.bandcamp.com/album/disengage29
https://exceptionalfrequency.bandcamp.com/album/disengage3
https://exceptionalfrequency.bandcamp.com/album/disengage30
https://exceptionalfrequency.bandcamp.com/album/disengage31
https://exceptionalfrequency.bandcamp.com/album/disengage32
https://exceptionalfrequency.bandcamp.com/album/disengage33
https://exceptionalfrequency.bandcamp.com/album/disengage4
https://exceptionalfrequency.bandcamp.com/album/disengage5
https://exceptionalfrequency.bandcamp.com/album/disengage6
https://exceptionalfrequency.bandcamp.com/album/disengage7
https://exceptionalfrequency.bandcamp.com/album/disengage8
https://exceptionalfrequency.bandcamp.com/album/disengage9
https://exceptionalfrequency.bandcamp.com/album/displace
https://exceptionalfrequency.bandcamp.com/album/displacing-cellar
https://exceptionalfrequency.bandcamp.com/album/distance-s-o-s-sound-of-solitude-revisited
https://exceptionalfrequency.bandcamp.com/album/disturb
https://exceptionalfrequency.bandcamp.com/album/do-u-1-2-b-d-spaceman
https://exceptionalfrequency.bandcamp.com/album/do-what
https://exceptionalfrequency.bandcamp.com/album/dog-man-star
https://exceptionalfrequency.bandcamp.com/album/dont-be-so-sure
https://exceptionalfrequency.bandcamp.com/album/dont-forget-to-feed-the-beast
https://exceptionalfrequency.bandcamp.com/album/dot-bot
https://exceptionalfrequency.bandcamp.com/album/double
https://exceptionalfrequency.bandcamp.com/album/double-ambient
https://exceptionalfrequency.bandcamp.com/album/double-signals
https://exceptionalfrequency.bandcamp.com/album/down-the-lake
https://exceptionalfrequency.bandcamp.com/album/down-the-looking-glass
https://exceptionalfrequency.bandcamp.com/album/downtown
https://exceptionalfrequency.bandcamp.com/album/dpac-july-2016
https://exceptionalfrequency.bandcamp.com/album/dream
https://exceptionalfrequency.bandcamp.com/album/dream-caused-by-the-feedback-of-the-eyes
https://exceptionalfrequency.bandcamp.com/album/dream-dream-dream
https://exceptionalfrequency.bandcamp.com/album/drifting
https://exceptionalfrequency.bandcamp.com/album/driftlapse
https://exceptionalfrequency.bandcamp.com/album/driftwood
https://exceptionalfrequency.bandcamp.com/album/drone-rain
https://exceptionalfrequency.bandcamp.com/album/drop
https://exceptionalfrequency.bandcamp.com/album/dry
https://exceptionalfrequency.bandcamp.com/album/dry-paradise
https://exceptionalfrequency.bandcamp.com/album/drysmoke
https://exceptionalfrequency.bandcamp.com/album/dulwich-hill-sydney-solo-guitar-improvisations-vol-12
https://exceptionalfrequency.bandcamp.com/album/dumb-vol-i
https://exceptionalfrequency.bandcamp.com/album/dun-autre-c-t-ep
https://exceptionalfrequency.bandcamp.com/album/dune
https://exceptionalfrequency.bandcamp.com/album/ear-chant
https://exceptionalfrequency.bandcamp.com/album/ear-dance
https://exceptionalfrequency.bandcamp.com/album/early
https://exceptionalfrequency.bandcamp.com/album/early-december
https://exceptionalfrequency.bandcamp.com/album/earth-hug
https://exceptionalfrequency.bandcamp.com/album/east-noise
https://exceptionalfrequency.bandcamp.com/album/eat-solo-guitar-improvisations-vol-3
https://exceptionalfrequency.bandcamp.com/album/echoes-de-pf
https://exceptionalfrequency.bandcamp.com/album/eco-solo-guitar-improvisations-vol-10-2018-remastered
https://exceptionalfrequency.bandcamp.com/album/eight-arms-overdub-alto-duet-improvisation
https://exceptionalfrequency.bandcamp.com/album/einbahnstra-e
https://exceptionalfrequency.bandcamp.com/album/electric-field-recorder-efr
https://exceptionalfrequency.bandcamp.com/album/electric-field-recorder-efr-ii-24bit96khz
https://exceptionalfrequency.bandcamp.com/album/electric-field-recorder-efr-iii
https://exceptionalfrequency.bandcamp.com/album/electric-guitar-solo-2018
https://exceptionalfrequency.bandcamp.com/album/electriccall
https://exceptionalfrequency.bandcamp.com/album/electronic-feast
https://exceptionalfrequency.bandcamp.com/album/elephant
https://exceptionalfrequency.bandcamp.com/album/elonmusk
https://exceptionalfrequency.bandcamp.com/album/empty
https://exceptionalfrequency.bandcamp.com/album/empty-bell-ringing-in-the-sky
https://exceptionalfrequency.bandcamp.com/album/empty-chair
https://exceptionalfrequency.bandcamp.com/album/enabling
https://exceptionalfrequency.bandcamp.com/album/end-of-rock-n-roll-farewell-rock-stars
https://exceptionalfrequency.bandcamp.com/album/enigma
https://exceptionalfrequency.bandcamp.com/album/er
https://exceptionalfrequency.bandcamp.com/album/eternity
https://exceptionalfrequency.bandcamp.com/album/euphoria
https://exceptionalfrequency.bandcamp.com/album/eureka-ii
https://exceptionalfrequency.bandcamp.com/album/eva1
https://exceptionalfrequency.bandcamp.com/album/evening-downtown-kuala-lumpur-10th-aug-2019
https://exceptionalfrequency.bandcamp.com/album/evening-in-studio-with-1-string-guitar-11th-aug-2019
https://exceptionalfrequency.bandcamp.com/album/eventually
https://exceptionalfrequency.bandcamp.com/album/everypigeonstreet
https://exceptionalfrequency.bandcamp.com/album/evil-hour-stereo
https://exceptionalfrequency.bandcamp.com/album/exp1
https://exceptionalfrequency.bandcamp.com/album/exp10
https://exceptionalfrequency.bandcamp.com/album/exp11
https://exceptionalfrequency.bandcamp.com/album/exp12
https://exceptionalfrequency.bandcamp.com/album/exp13
https://exceptionalfrequency.bandcamp.com/album/exp2
https://exceptionalfrequency.bandcamp.com/album/exp3
https://exceptionalfrequency.bandcamp.com/album/exp4
https://exceptionalfrequency.bandcamp.com/album/exp5
https://exceptionalfrequency.bandcamp.com/album/exp6
https://exceptionalfrequency.bandcamp.com/album/exp7
https://exceptionalfrequency.bandcamp.com/album/exp8
https://exceptionalfrequency.bandcamp.com/album/exp9
https://exceptionalfrequency.bandcamp.com/album/extra-escape
https://exceptionalfrequency.bandcamp.com/album/eye-no-ear
https://exceptionalfrequency.bandcamp.com/album/eye-zero
https://exceptionalfrequency.bandcamp.com/album/f-s-extended-play
https://exceptionalfrequency.bandcamp.com/album/f-u-e-l
https://exceptionalfrequency.bandcamp.com/album/fabulous1
https://exceptionalfrequency.bandcamp.com/album/fabulous10-stereo
https://exceptionalfrequency.bandcamp.com/album/fabulous11
https://exceptionalfrequency.bandcamp.com/album/fabulous12
https://exceptionalfrequency.bandcamp.com/album/fabulous13
https://exceptionalfrequency.bandcamp.com/album/fabulous14
https://exceptionalfrequency.bandcamp.com/album/fabulous15
https://exceptionalfrequency.bandcamp.com/album/fabulous16
https://exceptionalfrequency.bandcamp.com/album/fabulous17
https://exceptionalfrequency.bandcamp.com/album/fabulous18
https://exceptionalfrequency.bandcamp.com/album/fabulous19
https://exceptionalfrequency.bandcamp.com/album/fabulous2
https://exceptionalfrequency.bandcamp.com/album/fabulous20
https://exceptionalfrequency.bandcamp.com/album/fabulous21
https://exceptionalfrequency.bandcamp.com/album/fabulous22
https://exceptionalfrequency.bandcamp.com/album/fabulous23
https://exceptionalfrequency.bandcamp.com/album/fabulous24
https://exceptionalfrequency.bandcamp.com/album/fabulous3
https://exceptionalfrequency.bandcamp.com/album/fabulous4
https://exceptionalfrequency.bandcamp.com/album/fabulous5
https://exceptionalfrequency.bandcamp.com/album/fabulous6
https://exceptionalfrequency.bandcamp.com/album/fabulous7
https://exceptionalfrequency.bandcamp.com/album/fabulous8
https://exceptionalfrequency.bandcamp.com/album/fabulous9
https://exceptionalfrequency.bandcamp.com/album/face-vol-i
https://exceptionalfrequency.bandcamp.com/album/face-vol-ii-24bit96khz
https://exceptionalfrequency.bandcamp.com/album/face-vol-iii-24bit96khz-2
https://exceptionalfrequency.bandcamp.com/album/face-vol-iv-24bit96khz
https://exceptionalfrequency.bandcamp.com/album/face-vol-ix-24bit96khz
https://exceptionalfrequency.bandcamp.com/album/face-vol-l
https://exceptionalfrequency.bandcamp.com/album/face-vol-li
https://exceptionalfrequency.bandcamp.com/album/face-vol-lii
https://exceptionalfrequency.bandcamp.com/album/face-vol-liii
https://exceptionalfrequency.bandcamp.com/album/face-vol-liv
https://exceptionalfrequency.bandcamp.com/album/face-vol-lix-2
https://exceptionalfrequency.bandcamp.com/album/face-vol-lv
https://exceptionalfrequency.bandcamp.com/album/face-vol-lvi
https://exceptionalfrequency.bandcamp.com/album/face-vol-lvii
https://exceptionalfrequency.bandcamp.com/album/face-vol-lviii
https://exceptionalfrequency.bandcamp.com/album/face-vol-lx
https://exceptionalfrequency.bandcamp.com/album/face-vol-lxi-the-lost-track
https://exceptionalfrequency.bandcamp.com/album/face-vol-lxii
https://exceptionalfrequency.bandcamp.com/album/face-vol-lxiii
https://exceptionalfrequency.bandcamp.com/album/face-vol-lxiv
https://exceptionalfrequency.bandcamp.com/album/face-vol-lxv
https://exceptionalfrequency.bandcamp.com/album/face-vol-lxvi
https://exceptionalfrequency.bandcamp.com/album/face-vol-lxvii
https://exceptionalfrequency.bandcamp.com/album/face-vol-lxviii
https://exceptionalfrequency.bandcamp.com/album/face-vol-lxx
https://exceptionalfrequency.bandcamp.com/album/face-vol-lxxi
https://exceptionalfrequency.bandcamp.com/album/face-vol-lxxiii
https://exceptionalfrequency.bandcamp.com/album/face-vol-lxxiv
https://exceptionalfrequency.bandcamp.com/album/face-vol-lxxv
https://exceptionalfrequency.bandcamp.com/album/face-vol-v-24bit96khz
https://exceptionalfrequency.bandcamp.com/album/face-vol-vi-24bit96khz
https://exceptionalfrequency.bandcamp.com/album/face-vol-vii-24bit96khz
https://exceptionalfrequency.bandcamp.com/album/face-vol-x-24bit96khz
https://exceptionalfrequency.bandcamp.com/album/face-vol-x-v
https://exceptionalfrequency.bandcamp.com/album/face-vol-xi
https://exceptionalfrequency.bandcamp.com/album/face-vol-xii-24bit96khz
https://exceptionalfrequency.bandcamp.com/album/face-vol-xiii-24bit96khz
https://exceptionalfrequency.bandcamp.com/album/face-vol-xiv-24bit96khz
https://exceptionalfrequency.bandcamp.com/album/face-vol-xix-halloween-24bit96khz
https://exceptionalfrequency.bandcamp.com/album/face-vol-xl
https://exceptionalfrequency.bandcamp.com/album/face-vol-xli
https://exceptionalfrequency.bandcamp.com/album/face-vol-xliii
https://exceptionalfrequency.bandcamp.com/album/face-vol-xliv
https://exceptionalfrequency.bandcamp.com/album/face-vol-xlix
https://exceptionalfrequency.bandcamp.com/album/face-vol-xlv
https://exceptionalfrequency.bandcamp.com/album/face-vol-xlv-2
https://exceptionalfrequency.bandcamp.com/album/face-vol-xlvii
https://exceptionalfrequency.bandcamp.com/album/face-vol-xvi-24bit96khz
https://exceptionalfrequency.bandcamp.com/album/face-vol-xvii-24bit96khz
https://exceptionalfrequency.bandcamp.com/album/face-vol-xviii-24bit96khz
https://exceptionalfrequency.bandcamp.com/album/face-vol-xx-24bit96khz
https://exceptionalfrequency.bandcamp.com/album/face-vol-xxii
https://exceptionalfrequency.bandcamp.com/album/face-vol-xxiv-24bit96khz
https://exceptionalfrequency.bandcamp.com/album/face-vol-xxvi-24bit96khz
https://exceptionalfrequency.bandcamp.com/album/face-vol-xxvii-24bit96khz
https://exceptionalfrequency.bandcamp.com/album/face-vol-xxviii-24bit96khz
https://exceptionalfrequency.bandcamp.com/album/face-vol-xxx-24bit96khz
https://exceptionalfrequency.bandcamp.com/album/face-vol-xxxi-24bit96khz
https://exceptionalfrequency.bandcamp.com/album/face-vol-xxxii-24bit96khz
https://exceptionalfrequency.bandcamp.com/album/face-vol-xxxviii
https://exceptionalfrequency.bandcamp.com/album/face21
https://exceptionalfrequency.bandcamp.com/album/face23
https://exceptionalfrequency.bandcamp.com/album/face25
https://exceptionalfrequency.bandcamp.com/album/face29-shine-on-you-crazy-diamond
https://exceptionalfrequency.bandcamp.com/album/face33
https://exceptionalfrequency.bandcamp.com/album/face34
https://exceptionalfrequency.bandcamp.com/album/face35
https://exceptionalfrequency.bandcamp.com/album/face36
https://exceptionalfrequency.bandcamp.com/album/face37
https://exceptionalfrequency.bandcamp.com/album/face39
https://exceptionalfrequency.bandcamp.com/album/face42
https://exceptionalfrequency.bandcamp.com/album/face69
https://exceptionalfrequency.bandcamp.com/album/face72
https://exceptionalfrequency.bandcamp.com/album/face76
https://exceptionalfrequency.bandcamp.com/album/face77
https://exceptionalfrequency.bandcamp.com/album/face78
https://exceptionalfrequency.bandcamp.com/album/face79
https://exceptionalfrequency.bandcamp.com/album/face8
https://exceptionalfrequency.bandcamp.com/album/face80
https://exceptionalfrequency.bandcamp.com/album/face81
https://exceptionalfrequency.bandcamp.com/album/face82
https://exceptionalfrequency.bandcamp.com/album/face83-2
https://exceptionalfrequency.bandcamp.com/album/face84
https://exceptionalfrequency.bandcamp.com/album/face85
https://exceptionalfrequency.bandcamp.com/album/factory-outlet-no-1
https://exceptionalfrequency.bandcamp.com/album/factory-outlet-no-2
https://exceptionalfrequency.bandcamp.com/album/fake-moon
https://exceptionalfrequency.bandcamp.com/album/fakewinter
https://exceptionalfrequency.bandcamp.com/album/fanfare
https://exceptionalfrequency.bandcamp.com/album/fantastic-dream
https://exceptionalfrequency.bandcamp.com/album/fantastic-year
https://exceptionalfrequency.bandcamp.com/album/far-from
https://exceptionalfrequency.bandcamp.com/album/farm
https://exceptionalfrequency.bandcamp.com/album/fast-heart-no-1
https://exceptionalfrequency.bandcamp.com/album/fast-heart-no-2
https://exceptionalfrequency.bandcamp.com/album/fast-heart-no-3
https://exceptionalfrequency.bandcamp.com/album/fat-one
https://exceptionalfrequency.bandcamp.com/album/favlivin
https://exceptionalfrequency.bandcamp.com/album/feast
https://exceptionalfrequency.bandcamp.com/album/feathers
https://exceptionalfrequency.bandcamp.com/album/feed-extended-play
https://exceptionalfrequency.bandcamp.com/album/fermenting
https://exceptionalfrequency.bandcamp.com/album/fictional
https://exceptionalfrequency.bandcamp.com/album/film-noir-inspector
https://exceptionalfrequency.bandcamp.com/album/financial-independence-retire-early
https://exceptionalfrequency.bandcamp.com/album/findars
https://exceptionalfrequency.bandcamp.com/album/findars-av-5
https://exceptionalfrequency.bandcamp.com/album/fine
https://exceptionalfrequency.bandcamp.com/album/fire-escape
https://exceptionalfrequency.bandcamp.com/album/fire-escape-plan-b
https://exceptionalfrequency.bandcamp.com/album/fireescapeplan
https://exceptionalfrequency.bandcamp.com/album/firmament-for-cello-n-electronic
https://exceptionalfrequency.bandcamp.com/album/first-album-bonus-ep
https://exceptionalfrequency.bandcamp.com/album/fist-of-fury
https://exceptionalfrequency.bandcamp.com/album/five-easy-pieces
https://exceptionalfrequency.bandcamp.com/album/flames-dedicated-to-gandhi
https://exceptionalfrequency.bandcamp.com/album/flashingstrokes
https://exceptionalfrequency.bandcamp.com/album/flatoutminor
https://exceptionalfrequency.bandcamp.com/album/flowers-2
https://exceptionalfrequency.bandcamp.com/album/flying-ceremony
https://exceptionalfrequency.bandcamp.com/album/flying-fish
https://exceptionalfrequency.bandcamp.com/album/flying-saucers
https://exceptionalfrequency.bandcamp.com/album/focusland
https://exceptionalfrequency.bandcamp.com/album/foggy-green
https://exceptionalfrequency.bandcamp.com/album/folded-hours
https://exceptionalfrequency.bandcamp.com/album/follow
https://exceptionalfrequency.bandcamp.com/album/follow-the-white-rabbit
https://exceptionalfrequency.bandcamp.com/album/for-jim-orourke
https://exceptionalfrequency.bandcamp.com/album/for-nothing
https://exceptionalfrequency.bandcamp.com/album/for-otomo-yoshihide
https://exceptionalfrequency.bandcamp.com/album/forehead
https://exceptionalfrequency.bandcamp.com/album/foreverocean
https://exceptionalfrequency.bandcamp.com/album/foreverscape
https://exceptionalfrequency.bandcamp.com/album/foreverscape2
https://exceptionalfrequency.bandcamp.com/album/forgettheswan
https://exceptionalfrequency.bandcamp.com/album/forms-of
https://exceptionalfrequency.bandcamp.com/album/fornow
https://exceptionalfrequency.bandcamp.com/album/fossil-diesel
https://exceptionalfrequency.bandcamp.com/album/four-compositions-for-antoine-de-saint-exup-ry
https://exceptionalfrequency.bandcamp.com/album/four-waves
https://exceptionalfrequency.bandcamp.com/album/free-noise
https://exceptionalfrequency.bandcamp.com/album/free-noise-1-2023-revisited
https://exceptionalfrequency.bandcamp.com/album/free-noise-2-machinery-daily-2023-revisited
https://exceptionalfrequency.bandcamp.com/album/free-noise-3-secret-kingdom-2023-revisited
https://exceptionalfrequency.bandcamp.com/album/free-zone
https://exceptionalfrequency.bandcamp.com/album/freedom
https://exceptionalfrequency.bandcamp.com/album/freies-radio-stuttgart-992-fm-germany-2004-2
https://exceptionalfrequency.bandcamp.com/album/freies-radio-stuttgart-992-fm-germany-2004-2018-remastered
https://exceptionalfrequency.bandcamp.com/album/fuckeduplovesongs
https://exceptionalfrequency.bandcamp.com/album/full-circle
https://exceptionalfrequency.bandcamp.com/album/full-moon-bright-night
https://exceptionalfrequency.bandcamp.com/album/full-on-empty
https://exceptionalfrequency.bandcamp.com/album/funny-game
https://exceptionalfrequency.bandcamp.com/album/furtherawayfromeverything
https://exceptionalfrequency.bandcamp.com/album/g-tzen-d-mmerung
https://exceptionalfrequency.bandcamp.com/album/galaxy-blues
https://exceptionalfrequency.bandcamp.com/album/galaxy-commission-works-2001-2007
https://exceptionalfrequency.bandcamp.com/album/galaxy-inspired-by-james-marshall-jimi-hendrix
https://exceptionalfrequency.bandcamp.com/album/game-theory
https://exceptionalfrequency.bandcamp.com/album/garden
https://exceptionalfrequency.bandcamp.com/album/gardenclouds
https://exceptionalfrequency.bandcamp.com/album/gardening
https://exceptionalfrequency.bandcamp.com/album/gasing
https://exceptionalfrequency.bandcamp.com/album/gaze-yoga-poems
https://exceptionalfrequency.bandcamp.com/album/gene
https://exceptionalfrequency.bandcamp.com/album/geographical-creatures
https://exceptionalfrequency.bandcamp.com/album/getarobot
https://exceptionalfrequency.bandcamp.com/album/getsomesleep
https://exceptionalfrequency.bandcamp.com/album/getting-hours
https://exceptionalfrequency.bandcamp.com/album/ghost-vol-11-24bit96khz
https://exceptionalfrequency.bandcamp.com/album/ghost-vol-13-24bit88khz
https://exceptionalfrequency.bandcamp.com/album/ghost-vol-16
https://exceptionalfrequency.bandcamp.com/album/ghost-vol-17
https://exceptionalfrequency.bandcamp.com/album/ghost-vol-19
https://exceptionalfrequency.bandcamp.com/album/ghost-vol-20
https://exceptionalfrequency.bandcamp.com/album/ghost-vol-21
https://exceptionalfrequency.bandcamp.com/album/ghost-vol-22-terry
https://exceptionalfrequency.bandcamp.com/album/ghost-vol-23-for-the-python
https://exceptionalfrequency.bandcamp.com/album/ghost-vol-25-mellow
https://exceptionalfrequency.bandcamp.com/album/ghost-vol-26-storm-24bit88khz
https://exceptionalfrequency.bandcamp.com/album/ghost-vol-27-24bit96khz
https://exceptionalfrequency.bandcamp.com/album/ghost-vol-29-gun
https://exceptionalfrequency.bandcamp.com/album/ghost-vol-3
https://exceptionalfrequency.bandcamp.com/album/ghost-vol-32-24bit88khz
https://exceptionalfrequency.bandcamp.com/album/ghost-vol-35
https://exceptionalfrequency.bandcamp.com/album/ghost-vol-36-eno-24bit88khz
https://exceptionalfrequency.bandcamp.com/album/ghost-vol-40
https://exceptionalfrequency.bandcamp.com/album/ghost-vol-41
https://exceptionalfrequency.bandcamp.com/album/ghost-vol-42
https://exceptionalfrequency.bandcamp.com/album/ghost-vol-43
https://exceptionalfrequency.bandcamp.com/album/ghost-vol-44
https://exceptionalfrequency.bandcamp.com/album/ghost-vol-45-sun-space-time-24bit-96khz
https://exceptionalfrequency.bandcamp.com/album/ghost-vol-46-meat-24bit88khz
https://exceptionalfrequency.bandcamp.com/album/ghost-vol-47-24bit96khz
https://exceptionalfrequency.bandcamp.com/album/ghost-vol-48-24bit96khz
https://exceptionalfrequency.bandcamp.com/album/ghost-vol-50-24bit96khz
https://exceptionalfrequency.bandcamp.com/album/ghost-vol-51-metropolitan-city-blues
https://exceptionalfrequency.bandcamp.com/album/ghost-vol-52
https://exceptionalfrequency.bandcamp.com/album/ghost-vol-54
https://exceptionalfrequency.bandcamp.com/album/ghost-vol-55-24bit96khz
https://exceptionalfrequency.bandcamp.com/album/ghost-vol-56-24bit88khz
https://exceptionalfrequency.bandcamp.com/album/ghost-vol-57
https://exceptionalfrequency.bandcamp.com/album/ghost-vol-58
https://exceptionalfrequency.bandcamp.com/album/ghost-vol-6
https://exceptionalfrequency.bandcamp.com/album/ghost-vol-60-24bit96khz
https://exceptionalfrequency.bandcamp.com/album/ghost-vol-61
https://exceptionalfrequency.bandcamp.com/album/ghost-vol-8-24bit96khz
https://exceptionalfrequency.bandcamp.com/album/ghost-vol-9
https://exceptionalfrequency.bandcamp.com/album/ghost1
https://exceptionalfrequency.bandcamp.com/album/ghost10
https://exceptionalfrequency.bandcamp.com/album/ghost12-mono
https://exceptionalfrequency.bandcamp.com/album/ghost14-bells
https://exceptionalfrequency.bandcamp.com/album/ghost15-computer
https://exceptionalfrequency.bandcamp.com/album/ghost18
https://exceptionalfrequency.bandcamp.com/album/ghost2
https://exceptionalfrequency.bandcamp.com/album/ghost24
https://exceptionalfrequency.bandcamp.com/album/ghost28
https://exceptionalfrequency.bandcamp.com/album/ghost30
https://exceptionalfrequency.bandcamp.com/album/ghost31
https://exceptionalfrequency.bandcamp.com/album/ghost33
https://exceptionalfrequency.bandcamp.com/album/ghost34
https://exceptionalfrequency.bandcamp.com/album/ghost37-burn-after-reading
https://exceptionalfrequency.bandcamp.com/album/ghost38
https://exceptionalfrequency.bandcamp.com/album/ghost39
https://exceptionalfrequency.bandcamp.com/album/ghost4-2018-remastered
https://exceptionalfrequency.bandcamp.com/album/ghost49
https://exceptionalfrequency.bandcamp.com/album/ghost5-the-demon-make-the-call
https://exceptionalfrequency.bandcamp.com/album/ghost53
https://exceptionalfrequency.bandcamp.com/album/ghost59
https://exceptionalfrequency.bandcamp.com/album/ghost62
https://exceptionalfrequency.bandcamp.com/album/ghost63
https://exceptionalfrequency.bandcamp.com/album/ghost64
https://exceptionalfrequency.bandcamp.com/album/ghost65
https://exceptionalfrequency.bandcamp.com/album/ghost66
https://exceptionalfrequency.bandcamp.com/album/ghost7
https://exceptionalfrequency.bandcamp.com/album/ghosthunting
https://exceptionalfrequency.bandcamp.com/album/glass
https://exceptionalfrequency.bandcamp.com/album/glasslikefruit
https://exceptionalfrequency.bandcamp.com/album/glitch-snake
https://exceptionalfrequency.bandcamp.com/album/glitchrock
https://exceptionalfrequency.bandcamp.com/album/global-narrator
https://exceptionalfrequency.bandcamp.com/album/glow-after-dark
https://exceptionalfrequency.bandcamp.com/album/glowing-abyss
https://exceptionalfrequency.bandcamp.com/album/goalkeeper
https://exceptionalfrequency.bandcamp.com/album/godot
https://exceptionalfrequency.bandcamp.com/album/godsofthesmallthing-document
https://exceptionalfrequency.bandcamp.com/album/gold
https://exceptionalfrequency.bandcamp.com/album/gold-flower
https://exceptionalfrequency.bandcamp.com/album/golden-hum
https://exceptionalfrequency.bandcamp.com/album/goldencondition
https://exceptionalfrequency.bandcamp.com/album/goldleaf
https://exceptionalfrequency.bandcamp.com/album/good-morning-gelang-patah-field-recording
https://exceptionalfrequency.bandcamp.com/album/good-vibrations
https://exceptionalfrequency.bandcamp.com/album/goodbye-movie
https://exceptionalfrequency.bandcamp.com/album/graceland
https://exceptionalfrequency.bandcamp.com/album/grand-galaxy-single
https://exceptionalfrequency.bandcamp.com/album/grand-night
https://exceptionalfrequency.bandcamp.com/album/granted-dedicated-to-philip-k-dick
https://exceptionalfrequency.bandcamp.com/album/grey-mono-2
https://exceptionalfrequency.bandcamp.com/album/grey-was
https://exceptionalfrequency.bandcamp.com/album/grounding
https://exceptionalfrequency.bandcamp.com/album/groundless-walking
https://exceptionalfrequency.bandcamp.com/album/gunpoint-techno-night-2018
https://exceptionalfrequency.bandcamp.com/album/h-a-l-l-e-l-u-j-a-h
https://exceptionalfrequency.bandcamp.com/album/h-unter
https://exceptionalfrequency.bandcamp.com/album/haiku
https://exceptionalfrequency.bandcamp.com/album/hands
https://exceptionalfrequency.bandcamp.com/album/handshake
https://exceptionalfrequency.bandcamp.com/album/happened
https://exceptionalfrequency.bandcamp.com/album/happeningjet
https://exceptionalfrequency.bandcamp.com/album/happy-together
https://exceptionalfrequency.bandcamp.com/album/happy1
https://exceptionalfrequency.bandcamp.com/album/happy10
https://exceptionalfrequency.bandcamp.com/album/happy11
https://exceptionalfrequency.bandcamp.com/album/happy12
https://exceptionalfrequency.bandcamp.com/album/happy13
https://exceptionalfrequency.bandcamp.com/album/happy14
https://exceptionalfrequency.bandcamp.com/album/happy15
https://exceptionalfrequency.bandcamp.com/album/happy16
https://exceptionalfrequency.bandcamp.com/album/happy17
https://exceptionalfrequency.bandcamp.com/album/happy18
https://exceptionalfrequency.bandcamp.com/album/happy19
https://exceptionalfrequency.bandcamp.com/album/happy2
https://exceptionalfrequency.bandcamp.com/album/happy3
https://exceptionalfrequency.bandcamp.com/album/happy4
https://exceptionalfrequency.bandcamp.com/album/happy5
https://exceptionalfrequency.bandcamp.com/album/happy6
https://exceptionalfrequency.bandcamp.com/album/happy7
https://exceptionalfrequency.bandcamp.com/album/happy8
https://exceptionalfrequency.bandcamp.com/album/happy9
https://exceptionalfrequency.bandcamp.com/album/happyriver
https://exceptionalfrequency.bandcamp.com/album/hard-boiled-wonderland
https://exceptionalfrequency.bandcamp.com/album/harmless
https://exceptionalfrequency.bandcamp.com/album/harmless2
https://exceptionalfrequency.bandcamp.com/album/harvest
https://exceptionalfrequency.bandcamp.com/album/has-the-world-changed
https://exceptionalfrequency.bandcamp.com/album/he-was-playing-something-softly-in-the-beginning
https://exceptionalfrequency.bandcamp.com/album/head-chant
https://exceptionalfrequency.bandcamp.com/album/head-tongue
https://exceptionalfrequency.bandcamp.com/album/healing-force-of-the-universe
https://exceptionalfrequency.bandcamp.com/album/heartbreak-radio
https://exceptionalfrequency.bandcamp.com/album/heaven-earth
https://exceptionalfrequency.bandcamp.com/album/hello-hows-life
https://exceptionalfrequency.bandcamp.com/album/hello-superman
https://exceptionalfrequency.bandcamp.com/album/hermit
https://exceptionalfrequency.bandcamp.com/album/hi-there-ep
https://exceptionalfrequency.bandcamp.com/album/hidden
https://exceptionalfrequency.bandcamp.com/album/hidden-agenda
https://exceptionalfrequency.bandcamp.com/album/hideseek
https://exceptionalfrequency.bandcamp.com/album/high-castle
https://exceptionalfrequency.bandcamp.com/album/high-fidelity
https://exceptionalfrequency.bandcamp.com/album/high-noon
https://exceptionalfrequency.bandcamp.com/album/hindrance-perantau
https://exceptionalfrequency.bandcamp.com/album/holy-digital
https://exceptionalfrequency.bandcamp.com/album/homage-to-pierre-henry
https://exceptionalfrequency.bandcamp.com/album/homeschool
https://exceptionalfrequency.bandcamp.com/album/hometown-jam
https://exceptionalfrequency.bandcamp.com/album/honey
https://exceptionalfrequency.bandcamp.com/album/how-about-those-noises
https://exceptionalfrequency.bandcamp.com/album/howl-session-09
https://exceptionalfrequency.bandcamp.com/album/humptydumpty
https://exceptionalfrequency.bandcamp.com/album/huntingground
https://exceptionalfrequency.bandcamp.com/album/hurricane-dance
https://exceptionalfrequency.bandcamp.com/album/hybridspin
https://exceptionalfrequency.bandcamp.com/album/hyper-techno
https://exceptionalfrequency.bandcamp.com/album/i-n-t-e-r-z-o-n-e
https://exceptionalfrequency.bandcamp.com/album/ice-cream-t-shirt
https://exceptionalfrequency.bandcamp.com/album/ice-garden
https://exceptionalfrequency.bandcamp.com/album/ice-solo-toy-piano-improvisations-vol-1
https://exceptionalfrequency.bandcamp.com/album/icy-topping-2-acts
https://exceptionalfrequency.bandcamp.com/album/identify-stars
https://exceptionalfrequency.bandcamp.com/album/illusion
https://exceptionalfrequency.bandcamp.com/album/imcapable-lover
https://exceptionalfrequency.bandcamp.com/album/imitation-24bit96khz
https://exceptionalfrequency.bandcamp.com/album/imitation-solo-guitar-improvisations-vol-9
https://exceptionalfrequency.bandcamp.com/album/immortal
https://exceptionalfrequency.bandcamp.com/album/important-matters
https://exceptionalfrequency.bandcamp.com/album/in-a-dream-crossing-the-same-river-twice
https://exceptionalfrequency.bandcamp.com/album/in-a-jar
https://exceptionalfrequency.bandcamp.com/album/in-jakarta
https://exceptionalfrequency.bandcamp.com/album/in-the-age-of-tragic
https://exceptionalfrequency.bandcamp.com/album/in-the-ghetto
https://exceptionalfrequency.bandcamp.com/album/inception
https://exceptionalfrequency.bandcamp.com/album/inception-ii
https://exceptionalfrequency.bandcamp.com/album/including
https://exceptionalfrequency.bandcamp.com/album/indisposable-field
https://exceptionalfrequency.bandcamp.com/album/industrial-waste
https://exceptionalfrequency.bandcamp.com/album/ineden
https://exceptionalfrequency.bandcamp.com/album/inferno-solo-guitar-improvisations-vol-18
https://exceptionalfrequency.bandcamp.com/album/ink-solo-guitar-improvisations-vol-4
https://exceptionalfrequency.bandcamp.com/album/insensitive
https://exceptionalfrequency.bandcamp.com/album/inside
https://exceptionalfrequency.bandcamp.com/album/instead-stereo
https://exceptionalfrequency.bandcamp.com/album/instead2
https://exceptionalfrequency.bandcamp.com/album/intention-solo-guitar-improvisations-vol-7
https://exceptionalfrequency.bandcamp.com/album/interest
https://exceptionalfrequency.bandcamp.com/album/internal-mixer-feedback-session-2009
https://exceptionalfrequency.bandcamp.com/album/internal-mixer-feedback-session-2012
https://exceptionalfrequency.bandcamp.com/album/internal-pleasures-2004-original-master
https://exceptionalfrequency.bandcamp.com/album/interstellar-2019-remastered
https://exceptionalfrequency.bandcamp.com/album/intothemystic
https://exceptionalfrequency.bandcamp.com/album/intuitiveinstitute
https://exceptionalfrequency.bandcamp.com/album/invaders
https://exceptionalfrequency.bandcamp.com/album/invisible-glass-house
https://exceptionalfrequency.bandcamp.com/album/invitation-solo-guitar-improvisations-vol-6
https://exceptionalfrequency.bandcamp.com/album/ip-kreatif-iskarnival-johor-malaysia-22nd-23rd-july-2017
https://exceptionalfrequency.bandcamp.com/album/iphone
https://exceptionalfrequency.bandcamp.com/album/iron
https://exceptionalfrequency.bandcamp.com/album/it-was-not-a-dream-until-you-woke-up
https://exceptionalfrequency.bandcamp.com/album/item1
https://exceptionalfrequency.bandcamp.com/album/item10
https://exceptionalfrequency.bandcamp.com/album/item11
https://exceptionalfrequency.bandcamp.com/album/item12
https://exceptionalfrequency.bandcamp.com/album/item13
https://exceptionalfrequency.bandcamp.com/album/item14
https://exceptionalfrequency.bandcamp.com/album/item15
https://exceptionalfrequency.bandcamp.com/album/item16
https://exceptionalfrequency.bandcamp.com/album/item17
https://exceptionalfrequency.bandcamp.com/album/item18
https://exceptionalfrequency.bandcamp.com/album/item19
https://exceptionalfrequency.bandcamp.com/album/item2
https://exceptionalfrequency.bandcamp.com/album/item20
https://exceptionalfrequency.bandcamp.com/album/item21
https://exceptionalfrequency.bandcamp.com/album/item22
https://exceptionalfrequency.bandcamp.com/album/item23
https://exceptionalfrequency.bandcamp.com/album/item24
https://exceptionalfrequency.bandcamp.com/album/item25
https://exceptionalfrequency.bandcamp.com/album/item26
https://exceptionalfrequency.bandcamp.com/album/item27
https://exceptionalfrequency.bandcamp.com/album/item28
https://exceptionalfrequency.bandcamp.com/album/item29
https://exceptionalfrequency.bandcamp.com/album/item3
https://exceptionalfrequency.bandcamp.com/album/item30
https://exceptionalfrequency.bandcamp.com/album/item31
https://exceptionalfrequency.bandcamp.com/album/item32
https://exceptionalfrequency.bandcamp.com/album/item33
https://exceptionalfrequency.bandcamp.com/album/item34-2
https://exceptionalfrequency.bandcamp.com/album/item35
https://exceptionalfrequency.bandcamp.com/album/item36
https://exceptionalfrequency.bandcamp.com/album/item37
https://exceptionalfrequency.bandcamp.com/album/item38
https://exceptionalfrequency.bandcamp.com/album/item39
https://exceptionalfrequency.bandcamp.com/album/item4
https://exceptionalfrequency.bandcamp.com/album/item40
https://exceptionalfrequency.bandcamp.com/album/item41
https://exceptionalfrequency.bandcamp.com/album/item42
https://exceptionalfrequency.bandcamp.com/album/item43
https://exceptionalfrequency.bandcamp.com/album/item44
https://exceptionalfrequency.bandcamp.com/album/item45
https://exceptionalfrequency.bandcamp.com/album/item46
https://exceptionalfrequency.bandcamp.com/album/item47
https://exceptionalfrequency.bandcamp.com/album/item48
https://exceptionalfrequency.bandcamp.com/album/item49-a-new-world
https://exceptionalfrequency.bandcamp.com/album/item5
https://exceptionalfrequency.bandcamp.com/album/item50
https://exceptionalfrequency.bandcamp.com/album/item51
https://exceptionalfrequency.bandcamp.com/album/item52
https://exceptionalfrequency.bandcamp.com/album/item53
https://exceptionalfrequency.bandcamp.com/album/item54
https://exceptionalfrequency.bandcamp.com/album/item55-2
https://exceptionalfrequency.bandcamp.com/album/item56-2
https://exceptionalfrequency.bandcamp.com/album/item6
https://exceptionalfrequency.bandcamp.com/album/item7
https://exceptionalfrequency.bandcamp.com/album/item8
https://exceptionalfrequency.bandcamp.com/album/item9
https://exceptionalfrequency.bandcamp.com/album/its-the-time-of-the-year
https://exceptionalfrequency.bandcamp.com/album/jean-paul-sartre-declined-the-nobel-prize-in-literature
https://exceptionalfrequency.bandcamp.com/album/jigsaw-traffic
https://exceptionalfrequency.bandcamp.com/album/journey-through-the-dark
https://exceptionalfrequency.bandcamp.com/album/journey-to-the-starless-destination
https://exceptionalfrequency.bandcamp.com/album/jubilee
https://exceptionalfrequency.bandcamp.com/album/jubileedream
https://exceptionalfrequency.bandcamp.com/album/july-night-crickets
https://exceptionalfrequency.bandcamp.com/album/just-like-like
https://exceptionalfrequency.bandcamp.com/album/kaohsiung-rocks
https://exceptionalfrequency.bandcamp.com/album/kazan
https://exceptionalfrequency.bandcamp.com/album/killed-by-miracle
https://exceptionalfrequency.bandcamp.com/album/killer-moon
https://exceptionalfrequency.bandcamp.com/album/killing-floor
https://exceptionalfrequency.bandcamp.com/album/know-where-to-run
https://exceptionalfrequency.bandcamp.com/album/known-enemy
https://exceptionalfrequency.bandcamp.com/album/kuala-lumpur-loop
https://exceptionalfrequency.bandcamp.com/album/kuala-lumpur-loop-ii
https://exceptionalfrequency.bandcamp.com/album/labyrinth
https://exceptionalfrequency.bandcamp.com/album/lakeinvert
https://exceptionalfrequency.bandcamp.com/album/laketree
https://exceptionalfrequency.bandcamp.com/album/lamprey
https://exceptionalfrequency.bandcamp.com/album/landed
https://exceptionalfrequency.bandcamp.com/album/landed-again
https://exceptionalfrequency.bandcamp.com/album/landing-on-water
https://exceptionalfrequency.bandcamp.com/album/lasting-fresh
https://exceptionalfrequency.bandcamp.com/album/layer-1
https://exceptionalfrequency.bandcamp.com/album/le-sonique-exp-rimental-2018-remastered
https://exceptionalfrequency.bandcamp.com/album/led
https://exceptionalfrequency.bandcamp.com/album/leopard
https://exceptionalfrequency.bandcamp.com/album/less-little
https://exceptionalfrequency.bandcamp.com/album/let-the-soul-leave-the-room-through-the-window
https://exceptionalfrequency.bandcamp.com/album/letter-to-henry-miller
https://exceptionalfrequency.bandcamp.com/album/life-is-shortwave-1
https://exceptionalfrequency.bandcamp.com/album/life-is-shortwave-2
https://exceptionalfrequency.bandcamp.com/album/life-is-too-short-we-make-it-longer
https://exceptionalfrequency.bandcamp.com/album/life-is-too-short-we-make-it-longer-2
https://exceptionalfrequency.bandcamp.com/album/life-is-too-short-we-make-it-longer-3
https://exceptionalfrequency.bandcamp.com/album/life-is-too-short-we-make-it-longer-4
https://exceptionalfrequency.bandcamp.com/album/life-jacket
https://exceptionalfrequency.bandcamp.com/album/light-in-august
https://exceptionalfrequency.bandcamp.com/album/light-my-way
https://exceptionalfrequency.bandcamp.com/album/light-rail-train-trip-2016
https://exceptionalfrequency.bandcamp.com/album/light-sleeper
https://exceptionalfrequency.bandcamp.com/album/light-touch-dedicated-to-guy-maddin
https://exceptionalfrequency.bandcamp.com/album/lights-mapping
https://exceptionalfrequency.bandcamp.com/album/like-rain
https://exceptionalfrequency.bandcamp.com/album/like-still-1
https://exceptionalfrequency.bandcamp.com/album/like-still-2
https://exceptionalfrequency.bandcamp.com/album/likely
https://exceptionalfrequency.bandcamp.com/album/lilihulalala
https://exceptionalfrequency.bandcamp.com/album/limbo
https://exceptionalfrequency.bandcamp.com/album/line-dot-harsh-minimal
https://exceptionalfrequency.bandcamp.com/album/listening
https://exceptionalfrequency.bandcamp.com/album/live-actions-berlin-2008
https://exceptionalfrequency.bandcamp.com/album/live-at-five-arts-centre-2023-remastered
https://exceptionalfrequency.bandcamp.com/album/live-at-five-arts-centre-kuala-lumpur-malaysia-2003
https://exceptionalfrequency.bandcamp.com/album/live-at-jiang-shan-yi-gai-suo-hsinchu
https://exceptionalfrequency.bandcamp.com/album/live-at-live-fact
https://exceptionalfrequency.bandcamp.com/album/live-in-berlin-solo-20100504
https://exceptionalfrequency.bandcamp.com/album/live-in-ljubljana-solo-20100518
https://exceptionalfrequency.bandcamp.com/album/live-in-saarbr-cken-solo-20100508-09
https://exceptionalfrequency.bandcamp.com/album/live-in-studio1492023
https://exceptionalfrequency.bandcamp.com/album/live-in-vienna-solo-20100515
https://exceptionalfrequency.bandcamp.com/album/live-transmission
https://exceptionalfrequency.bandcamp.com/album/living-life
https://exceptionalfrequency.bandcamp.com/album/lo-fi-electronic-set-live
https://exceptionalfrequency.bandcamp.com/album/lo-sci-fi
https://exceptionalfrequency.bandcamp.com/album/loaded
https://exceptionalfrequency.bandcamp.com/album/logistically
https://exceptionalfrequency.bandcamp.com/album/long-gone
https://exceptionalfrequency.bandcamp.com/album/long-never
https://exceptionalfrequency.bandcamp.com/album/long-sunset-on-the-shadow
https://exceptionalfrequency.bandcamp.com/album/longbook
https://exceptionalfrequency.bandcamp.com/album/longer-island
https://exceptionalfrequency.bandcamp.com/album/longingcrickets-2
https://exceptionalfrequency.bandcamp.com/album/looking
https://exceptionalfrequency.bandcamp.com/album/lost-light
https://exceptionalfrequency.bandcamp.com/album/lost-star
https://exceptionalfrequency.bandcamp.com/album/lovely-creatures
https://exceptionalfrequency.bandcamp.com/album/lovelysubtledissonance
https://exceptionalfrequency.bandcamp.com/album/low-tide
https://exceptionalfrequency.bandcamp.com/album/lucky-thirteen-the-best-of-the-big-wave-series
https://exceptionalfrequency.bandcamp.com/album/luckylab
https://exceptionalfrequency.bandcamp.com/album/lullaby-4ez
https://exceptionalfrequency.bandcamp.com/album/luna
https://exceptionalfrequency.bandcamp.com/album/lunatic-salsa
https://exceptionalfrequency.bandcamp.com/album/lunch-box-2013-2016-the-complete-box-set
https://exceptionalfrequency.bandcamp.com/album/m-mother
https://exceptionalfrequency.bandcamp.com/album/m-o-v-e-m-e-n-t
https://exceptionalfrequency.bandcamp.com/album/machine-country-song
https://exceptionalfrequency.bandcamp.com/album/machine-gun
https://exceptionalfrequency.bandcamp.com/album/mad-saints
https://exceptionalfrequency.bandcamp.com/album/magic-carpet
https://exceptionalfrequency.bandcamp.com/album/magic0
https://exceptionalfrequency.bandcamp.com/album/magic1
https://exceptionalfrequency.bandcamp.com/album/magic2
https://exceptionalfrequency.bandcamp.com/album/magical-mystery-mars
https://exceptionalfrequency.bandcamp.com/album/magicgravity
https://exceptionalfrequency.bandcamp.com/album/magicland
https://exceptionalfrequency.bandcamp.com/album/magnet-tape-orchestra
https://exceptionalfrequency.bandcamp.com/album/main2-live-at-iskarnival-festival-day-2
https://exceptionalfrequency.bandcamp.com/album/mantra-2
https://exceptionalfrequency.bandcamp.com/album/map-x-melaka-art-performance-festival-2018
https://exceptionalfrequency.bandcamp.com/album/marguerite-duras-dream
https://exceptionalfrequency.bandcamp.com/album/mars
https://exceptionalfrequency.bandcamp.com/album/mask
https://exceptionalfrequency.bandcamp.com/album/massacre
https://exceptionalfrequency.bandcamp.com/album/materials
https://exceptionalfrequency.bandcamp.com/album/matrix
https://exceptionalfrequency.bandcamp.com/album/maybe
https://exceptionalfrequency.bandcamp.com/album/mazeland-no-16
https://exceptionalfrequency.bandcamp.com/album/mazeland1
https://exceptionalfrequency.bandcamp.com/album/mazeland10
https://exceptionalfrequency.bandcamp.com/album/mazeland11
https://exceptionalfrequency.bandcamp.com/album/mazeland12
https://exceptionalfrequency.bandcamp.com/album/mazeland13
https://exceptionalfrequency.bandcamp.com/album/mazeland14
https://exceptionalfrequency.bandcamp.com/album/mazeland15
https://exceptionalfrequency.bandcamp.com/album/mazeland17
https://exceptionalfrequency.bandcamp.com/album/mazeland18
https://exceptionalfrequency.bandcamp.com/album/mazeland19
https://exceptionalfrequency.bandcamp.com/album/mazeland2
https://exceptionalfrequency.bandcamp.com/album/mazeland20
https://exceptionalfrequency.bandcamp.com/album/mazeland21
https://exceptionalfrequency.bandcamp.com/album/mazeland22
https://exceptionalfrequency.bandcamp.com/album/mazeland23
https://exceptionalfrequency.bandcamp.com/album/mazeland24
https://exceptionalfrequency.bandcamp.com/album/mazeland25
https://exceptionalfrequency.bandcamp.com/album/mazeland26
https://exceptionalfrequency.bandcamp.com/album/mazeland27
https://exceptionalfrequency.bandcamp.com/album/mazeland28
https://exceptionalfrequency.bandcamp.com/album/mazeland29
https://exceptionalfrequency.bandcamp.com/album/mazeland3
https://exceptionalfrequency.bandcamp.com/album/mazeland30
https://exceptionalfrequency.bandcamp.com/album/mazeland31
https://exceptionalfrequency.bandcamp.com/album/mazeland32
https://exceptionalfrequency.bandcamp.com/album/mazeland33
https://exceptionalfrequency.bandcamp.com/album/mazeland34
https://exceptionalfrequency.bandcamp.com/album/mazeland35
https://exceptionalfrequency.bandcamp.com/album/mazeland36
https://exceptionalfrequency.bandcamp.com/album/mazeland37
https://exceptionalfrequency.bandcamp.com/album/mazeland38
https://exceptionalfrequency.bandcamp.com/album/mazeland39
https://exceptionalfrequency.bandcamp.com/album/mazeland4
https://exceptionalfrequency.bandcamp.com/album/mazeland5
https://exceptionalfrequency.bandcamp.com/album/mazeland6
https://exceptionalfrequency.bandcamp.com/album/mazeland7
https://exceptionalfrequency.bandcamp.com/album/mazeland8
https://exceptionalfrequency.bandcamp.com/album/mazeland9
https://exceptionalfrequency.bandcamp.com/album/measurement-v10
https://exceptionalfrequency.bandcamp.com/album/measuring
https://exceptionalfrequency.bandcamp.com/album/meat-is-murder
https://exceptionalfrequency.bandcamp.com/album/melkzuur-extended-play
https://exceptionalfrequency.bandcamp.com/album/melt
https://exceptionalfrequency.bandcamp.com/album/memory-evening
https://exceptionalfrequency.bandcamp.com/album/merdekarya-march-19
https://exceptionalfrequency.bandcamp.com/album/metarain
https://exceptionalfrequency.bandcamp.com/album/metro-pop
https://exceptionalfrequency.bandcamp.com/album/mezzanine0
https://exceptionalfrequency.bandcamp.com/album/mezzanine1
https://exceptionalfrequency.bandcamp.com/album/mezzanine2
https://exceptionalfrequency.bandcamp.com/album/mezzanine3
https://exceptionalfrequency.bandcamp.com/album/micro-madness
https://exceptionalfrequency.bandcamp.com/album/midtown
https://exceptionalfrequency.bandcamp.com/album/millions
https://exceptionalfrequency.bandcamp.com/album/mimic
https://exceptionalfrequency.bandcamp.com/album/mind-cinema
https://exceptionalfrequency.bandcamp.com/album/mindfield
https://exceptionalfrequency.bandcamp.com/album/ming-reconstruted-no-1
https://exceptionalfrequency.bandcamp.com/album/minimalistgramophone
https://exceptionalfrequency.bandcamp.com/album/minuit-init-art-social-august-5th
https://exceptionalfrequency.bandcamp.com/album/minuit-init-art-social-december-7th
https://exceptionalfrequency.bandcamp.com/album/mirage-i
https://exceptionalfrequency.bandcamp.com/album/mirage-ii
https://exceptionalfrequency.bandcamp.com/album/mirror-mirror
https://exceptionalfrequency.bandcamp.com/album/mirrorreverses
https://exceptionalfrequency.bandcamp.com/album/mirrorzone
https://exceptionalfrequency.bandcamp.com/album/mischung
https://exceptionalfrequency.bandcamp.com/album/missing-feedbacker
https://exceptionalfrequency.bandcamp.com/album/model-2
https://exceptionalfrequency.bandcamp.com/album/model1
https://exceptionalfrequency.bandcamp.com/album/model3-stereo
https://exceptionalfrequency.bandcamp.com/album/money-laundering
https://exceptionalfrequency.bandcamp.com/album/mono-source
https://exceptionalfrequency.bandcamp.com/album/monumental
https://exceptionalfrequency.bandcamp.com/album/moon-rock
https://exceptionalfrequency.bandcamp.com/album/moon-rock-2
https://exceptionalfrequency.bandcamp.com/album/moonbox
https://exceptionalfrequency.bandcamp.com/album/moonmirror
https://exceptionalfrequency.bandcamp.com/album/moonway
https://exceptionalfrequency.bandcamp.com/album/more-dediceted-to-henk-bading
https://exceptionalfrequency.bandcamp.com/album/morning-study
https://exceptionalfrequency.bandcamp.com/album/mothear-earth-vol-i-iii
https://exceptionalfrequency.bandcamp.com/album/mothear-earth-vol-ii
https://exceptionalfrequency.bandcamp.com/album/mothership
https://exceptionalfrequency.bandcamp.com/album/motorhead
https://exceptionalfrequency.bandcamp.com/album/mou-tou-live
https://exceptionalfrequency.bandcamp.com/album/mou-tou-rooftop-artist-run-space-july-21st
https://exceptionalfrequency.bandcamp.com/album/mountfaber
https://exceptionalfrequency.bandcamp.com/album/mourning-air
https://exceptionalfrequency.bandcamp.com/album/moving-along-low-life-creature
https://exceptionalfrequency.bandcamp.com/album/movingsculpture
https://exceptionalfrequency.bandcamp.com/album/mr-hyde-meet-mephistopheles
https://exceptionalfrequency.bandcamp.com/album/music-for-the-strangers
https://exceptionalfrequency.bandcamp.com/album/music-in-darkness-dedicated-to-john-zorn
https://exceptionalfrequency.bandcamp.com/album/musicnot
https://exceptionalfrequency.bandcamp.com/album/mutant
https://exceptionalfrequency.bandcamp.com/album/mv-for-mika-vainio
https://exceptionalfrequency.bandcamp.com/album/myn0ise
https://exceptionalfrequency.bandcamp.com/album/naked-mission
https://exceptionalfrequency.bandcamp.com/album/narrative-drift
https://exceptionalfrequency.bandcamp.com/album/natives-from-outer-space-1
https://exceptionalfrequency.bandcamp.com/album/natives-from-outer-space-2
https://exceptionalfrequency.bandcamp.com/album/natives-from-outer-space-3
https://exceptionalfrequency.bandcamp.com/album/natives-from-outer-space-4
https://exceptionalfrequency.bandcamp.com/album/natural-machinery-uninterrupted-field-recordings
https://exceptionalfrequency.bandcamp.com/album/nearly-enough
https://exceptionalfrequency.bandcamp.com/album/nearlystar
https://exceptionalfrequency.bandcamp.com/album/nerve-center
https://exceptionalfrequency.bandcamp.com/album/never-rain
https://exceptionalfrequency.bandcamp.com/album/new-air
https://exceptionalfrequency.bandcamp.com/album/new-ear-2
https://exceptionalfrequency.bandcamp.com/album/new-year-18
https://exceptionalfrequency.bandcamp.com/album/new-year-vol-12
https://exceptionalfrequency.bandcamp.com/album/new-year-vol-13
https://exceptionalfrequency.bandcamp.com/album/new-year-vol-14-dedicated-to-jason-kahn
https://exceptionalfrequency.bandcamp.com/album/new-year-vol-15
https://exceptionalfrequency.bandcamp.com/album/new-year-vol-16
https://exceptionalfrequency.bandcamp.com/album/new-year-vol-17
https://exceptionalfrequency.bandcamp.com/album/new-year-vol-19
https://exceptionalfrequency.bandcamp.com/album/new-year-vol-20
https://exceptionalfrequency.bandcamp.com/album/new-year-vol-21
https://exceptionalfrequency.bandcamp.com/album/new-year-vol-24
https://exceptionalfrequency.bandcamp.com/album/new-year-vol-25
https://exceptionalfrequency.bandcamp.com/album/new-year-vol-25-extra
https://exceptionalfrequency.bandcamp.com/album/new-year-vol-26
https://exceptionalfrequency.bandcamp.com/album/new-year-vol-27
https://exceptionalfrequency.bandcamp.com/album/new-year-vol-3
https://exceptionalfrequency.bandcamp.com/album/new-year-vol-4
https://exceptionalfrequency.bandcamp.com/album/new-year-vol-5
https://exceptionalfrequency.bandcamp.com/album/new-year-vol-6
https://exceptionalfrequency.bandcamp.com/album/new-year-vol-7
https://exceptionalfrequency.bandcamp.com/album/new-year-vol-9
https://exceptionalfrequency.bandcamp.com/album/newyear1
https://exceptionalfrequency.bandcamp.com/album/newyear10
https://exceptionalfrequency.bandcamp.com/album/newyear11
https://exceptionalfrequency.bandcamp.com/album/newyear2
https://exceptionalfrequency.bandcamp.com/album/newyear22
https://exceptionalfrequency.bandcamp.com/album/newyear23
https://exceptionalfrequency.bandcamp.com/album/newyear8
https://exceptionalfrequency.bandcamp.com/album/nietzsches-typewriter
https://exceptionalfrequency.bandcamp.com/album/night-bright
https://exceptionalfrequency.bandcamp.com/album/night-fall
https://exceptionalfrequency.bandcamp.com/album/night-flight
https://exceptionalfrequency.bandcamp.com/album/night-in-the-shadows
https://exceptionalfrequency.bandcamp.com/album/night-raid
https://exceptionalfrequency.bandcamp.com/album/night-shore
https://exceptionalfrequency.bandcamp.com/album/night-song-no-1
https://exceptionalfrequency.bandcamp.com/album/night-song-no-2
https://exceptionalfrequency.bandcamp.com/album/night-was
https://exceptionalfrequency.bandcamp.com/album/nightforum
https://exceptionalfrequency.bandcamp.com/album/nightgarden
https://exceptionalfrequency.bandcamp.com/album/nightsounds
https://exceptionalfrequency.bandcamp.com/album/no-autumn-leaf
https://exceptionalfrequency.bandcamp.com/album/no-dust
https://exceptionalfrequency.bandcamp.com/album/no-idea
https://exceptionalfrequency.bandcamp.com/album/no-sleep
https://exceptionalfrequency.bandcamp.com/album/no-star
https://exceptionalfrequency.bandcamp.com/album/no-statement
https://exceptionalfrequency.bandcamp.com/album/no2ice-cream
https://exceptionalfrequency.bandcamp.com/album/noise-forest
https://exceptionalfrequency.bandcamp.com/album/noisetime
https://exceptionalfrequency.bandcamp.com/album/noneoftheabove
https://exceptionalfrequency.bandcamp.com/album/nonviolence
https://exceptionalfrequency.bandcamp.com/album/nopoint
https://exceptionalfrequency.bandcamp.com/album/north-desert-rain
https://exceptionalfrequency.bandcamp.com/album/north-south-east-west
https://exceptionalfrequency.bandcamp.com/album/nosferatu
https://exceptionalfrequency.bandcamp.com/album/not-dark-yet
https://exceptionalfrequency.bandcamp.com/album/not-exactly-right-not-exactly-wrong
https://exceptionalfrequency.bandcamp.com/album/not-gong
https://exceptionalfrequency.bandcamp.com/album/not-only
https://exceptionalfrequency.bandcamp.com/album/not-part-of-anything
https://exceptionalfrequency.bandcamp.com/album/not-smile
https://exceptionalfrequency.bandcamp.com/album/not-your-fault
https://exceptionalfrequency.bandcamp.com/album/notfree
https://exceptionalfrequency.bandcamp.com/album/nothere
https://exceptionalfrequency.bandcamp.com/album/nothing-out-of-the-ordinary-1
https://exceptionalfrequency.bandcamp.com/album/nothing-out-of-the-ordinary-2
https://exceptionalfrequency.bandcamp.com/album/nothing-out-of-the-ordinary-3
https://exceptionalfrequency.bandcamp.com/album/nothing-out-of-the-ordinary-4
https://exceptionalfrequency.bandcamp.com/album/nothing-out-of-the-ordinary-5
https://exceptionalfrequency.bandcamp.com/album/nothing-out-of-the-ordinary-6
https://exceptionalfrequency.bandcamp.com/album/nothing-risky
https://exceptionalfrequency.bandcamp.com/album/notrace
https://exceptionalfrequency.bandcamp.com/album/november
https://exceptionalfrequency.bandcamp.com/album/now-listen-to-them-double-the-volume
https://exceptionalfrequency.bandcamp.com/album/now-not-tomorrow
https://exceptionalfrequency.bandcamp.com/album/nowhere
https://exceptionalfrequency.bandcamp.com/album/nu-descendant-un-escalier-n-2-after-marcel-duchamp
https://exceptionalfrequency.bandcamp.com/album/nuclear-snow
https://exceptionalfrequency.bandcamp.com/album/nuits
https://exceptionalfrequency.bandcamp.com/album/objective-opinion
https://exceptionalfrequency.bandcamp.com/album/occasional-dancer
https://exceptionalfrequency.bandcamp.com/album/ocean-nation
https://exceptionalfrequency.bandcamp.com/album/ocean-view
https://exceptionalfrequency.bandcamp.com/album/oct-7-2019-morning
https://exceptionalfrequency.bandcamp.com/album/odd-numbers
https://exceptionalfrequency.bandcamp.com/album/of-macbeth
https://exceptionalfrequency.bandcamp.com/album/off1
https://exceptionalfrequency.bandcamp.com/album/off2
https://exceptionalfrequency.bandcamp.com/album/off3
https://exceptionalfrequency.bandcamp.com/album/off4
https://exceptionalfrequency.bandcamp.com/album/off5
https://exceptionalfrequency.bandcamp.com/album/off6
https://exceptionalfrequency.bandcamp.com/album/off7
https://exceptionalfrequency.bandcamp.com/album/off8
https://exceptionalfrequency.bandcamp.com/album/office-solo-guitar-improvisations-vol-24
https://exceptionalfrequency.bandcamp.com/album/offshore
https://exceptionalfrequency.bandcamp.com/album/old-mansion
https://exceptionalfrequency.bandcamp.com/album/ombak
https://exceptionalfrequency.bandcamp.com/album/on
https://exceptionalfrequency.bandcamp.com/album/on-reflection
https://exceptionalfrequency.bandcamp.com/album/once-dedicated-to-ryuichi-sakamoto
https://exceptionalfrequency.bandcamp.com/album/once-upon-a-time-in-the-wild
https://exceptionalfrequency.bandcamp.com/album/one
https://exceptionalfrequency.bandcamp.com/album/one-minute-later-plus-latency
https://exceptionalfrequency.bandcamp.com/album/onefouryellowsun
https://exceptionalfrequency.bandcamp.com/album/only-in-dream
https://exceptionalfrequency.bandcamp.com/album/onthenight
https://exceptionalfrequency.bandcamp.com/album/ooo1
https://exceptionalfrequency.bandcamp.com/album/ooo10
https://exceptionalfrequency.bandcamp.com/album/ooo11
https://exceptionalfrequency.bandcamp.com/album/ooo12
https://exceptionalfrequency.bandcamp.com/album/ooo13
https://exceptionalfrequency.bandcamp.com/album/ooo14
https://exceptionalfrequency.bandcamp.com/album/ooo15
https://exceptionalfrequency.bandcamp.com/album/ooo16-2
https://exceptionalfrequency.bandcamp.com/album/ooo17
https://exceptionalfrequency.bandcamp.com/album/ooo18
https://exceptionalfrequency.bandcamp.com/album/ooo19
https://exceptionalfrequency.bandcamp.com/album/ooo2
https://exceptionalfrequency.bandcamp.com/album/ooo20
https://exceptionalfrequency.bandcamp.com/album/ooo21
https://exceptionalfrequency.bandcamp.com/album/ooo22
https://exceptionalfrequency.bandcamp.com/album/ooo23
https://exceptionalfrequency.bandcamp.com/album/ooo24
https://exceptionalfrequency.bandcamp.com/album/ooo25
https://exceptionalfrequency.bandcamp.com/album/ooo26
https://exceptionalfrequency.bandcamp.com/album/ooo27
https://exceptionalfrequency.bandcamp.com/album/ooo28
https://exceptionalfrequency.bandcamp.com/album/ooo29
https://exceptionalfrequency.bandcamp.com/album/ooo3
https://exceptionalfrequency.bandcamp.com/album/ooo30
https://exceptionalfrequency.bandcamp.com/album/ooo31
https://exceptionalfrequency.bandcamp.com/album/ooo32
https://exceptionalfrequency.bandcamp.com/album/ooo33
https://exceptionalfrequency.bandcamp.com/album/ooo34
https://exceptionalfrequency.bandcamp.com/album/ooo35
https://exceptionalfrequency.bandcamp.com/album/ooo36
https://exceptionalfrequency.bandcamp.com/album/ooo37
https://exceptionalfrequency.bandcamp.com/album/ooo38
https://exceptionalfrequency.bandcamp.com/album/ooo39
https://exceptionalfrequency.bandcamp.com/album/ooo4
https://exceptionalfrequency.bandcamp.com/album/ooo40
https://exceptionalfrequency.bandcamp.com/album/ooo41
https://exceptionalfrequency.bandcamp.com/album/ooo42
https://exceptionalfrequency.bandcamp.com/album/ooo43
https://exceptionalfrequency.bandcamp.com/album/ooo44
https://exceptionalfrequency.bandcamp.com/album/ooo45
https://exceptionalfrequency.bandcamp.com/album/ooo46
https://exceptionalfrequency.bandcamp.com/album/ooo47
https://exceptionalfrequency.bandcamp.com/album/ooo48
https://exceptionalfrequency.bandcamp.com/album/ooo49
https://exceptionalfrequency.bandcamp.com/album/ooo5
https://exceptionalfrequency.bandcamp.com/album/ooo50
https://exceptionalfrequency.bandcamp.com/album/ooo51
https://exceptionalfrequency.bandcamp.com/album/ooo52
https://exceptionalfrequency.bandcamp.com/album/ooo6
https://exceptionalfrequency.bandcamp.com/album/ooo7
https://exceptionalfrequency.bandcamp.com/album/ooo8
https://exceptionalfrequency.bandcamp.com/album/ooo9
https://exceptionalfrequency.bandcamp.com/album/open-dust
https://exceptionalfrequency.bandcamp.com/album/open-interpretation
https://exceptionalfrequency.bandcamp.com/album/opera-star
https://exceptionalfrequency.bandcamp.com/album/operator1
https://exceptionalfrequency.bandcamp.com/album/operator2
https://exceptionalfrequency.bandcamp.com/album/opinion
https://exceptionalfrequency.bandcamp.com/album/or10
https://exceptionalfrequency.bandcamp.com/album/or11
https://exceptionalfrequency.bandcamp.com/album/or2
https://exceptionalfrequency.bandcamp.com/album/or3
https://exceptionalfrequency.bandcamp.com/album/or4
https://exceptionalfrequency.bandcamp.com/album/or6
https://exceptionalfrequency.bandcamp.com/album/or7
https://exceptionalfrequency.bandcamp.com/album/or8
https://exceptionalfrequency.bandcamp.com/album/or9
https://exceptionalfrequency.bandcamp.com/album/order-solo-guitar-improvisations-vol-8
https://exceptionalfrequency.bandcamp.com/album/organic
https://exceptionalfrequency.bandcamp.com/album/orient-bubble
https://exceptionalfrequency.bandcamp.com/album/origami-unfold
https://exceptionalfrequency.bandcamp.com/album/orotherwise
https://exceptionalfrequency.bandcamp.com/album/out-out-out
https://exceptionalfrequency.bandcamp.com/album/out-sea
https://exceptionalfrequency.bandcamp.com/album/out-solo-guitar-improvisations-vol-15
https://exceptionalfrequency.bandcamp.com/album/outdoortype
https://exceptionalfrequency.bandcamp.com/album/outof
https://exceptionalfrequency.bandcamp.com/album/outside-extended-play
https://exceptionalfrequency.bandcamp.com/album/outsider1
https://exceptionalfrequency.bandcamp.com/album/over-tokyo
https://exceptionalfrequency.bandcamp.com/album/overcrowded
https://exceptionalfrequency.bandcamp.com/album/overcrowded11
https://exceptionalfrequency.bandcamp.com/album/overcrowded12
https://exceptionalfrequency.bandcamp.com/album/overcrowded2
https://exceptionalfrequency.bandcamp.com/album/overcrowded3
https://exceptionalfrequency.bandcamp.com/album/overcrowded4
https://exceptionalfrequency.bandcamp.com/album/overcrowded5
https://exceptionalfrequency.bandcamp.com/album/overcrowded6
https://exceptionalfrequency.bandcamp.com/album/overcrowded7
https://exceptionalfrequency.bandcamp.com/album/overcrowded8
https://exceptionalfrequency.bandcamp.com/album/overcrowded9
https://exceptionalfrequency.bandcamp.com/album/overcrowed10
https://exceptionalfrequency.bandcamp.com/album/overjoy1
https://exceptionalfrequency.bandcamp.com/album/overjoy2
https://exceptionalfrequency.bandcamp.com/album/overjoy3
https://exceptionalfrequency.bandcamp.com/album/overjoy4
https://exceptionalfrequency.bandcamp.com/album/overjoy5
https://exceptionalfrequency.bandcamp.com/album/overjoy6
https://exceptionalfrequency.bandcamp.com/album/overjoy7
https://exceptionalfrequency.bandcamp.com/album/overrated
https://exceptionalfrequency.bandcamp.com/album/owl-solo-guitar-improvisations-vol-2
https://exceptionalfrequency.bandcamp.com/album/ozone-selected-acoustic-guitar-solo-improvisations
https://exceptionalfrequency.bandcamp.com/album/p-e-m-powerelectronicmusic
https://exceptionalfrequency.bandcamp.com/album/pan
https://exceptionalfrequency.bandcamp.com/album/panicsonic-wall
https://exceptionalfrequency.bandcamp.com/album/paradise-is-just-round-the-corner
https://exceptionalfrequency.bandcamp.com/album/paras-bunyi
https://exceptionalfrequency.bandcamp.com/album/parasite1
https://exceptionalfrequency.bandcamp.com/album/parasite10
https://exceptionalfrequency.bandcamp.com/album/parasite11
https://exceptionalfrequency.bandcamp.com/album/parasite12
https://exceptionalfrequency.bandcamp.com/album/parasite13
https://exceptionalfrequency.bandcamp.com/album/parasite14
https://exceptionalfrequency.bandcamp.com/album/parasite15
https://exceptionalfrequency.bandcamp.com/album/parasite16
https://exceptionalfrequency.bandcamp.com/album/parasite17
https://exceptionalfrequency.bandcamp.com/album/parasite18
https://exceptionalfrequency.bandcamp.com/album/parasite19
https://exceptionalfrequency.bandcamp.com/album/parasite2
https://exceptionalfrequency.bandcamp.com/album/parasite20
https://exceptionalfrequency.bandcamp.com/album/parasite21
https://exceptionalfrequency.bandcamp.com/album/parasite22
https://exceptionalfrequency.bandcamp.com/album/parasite23
https://exceptionalfrequency.bandcamp.com/album/parasite26
https://exceptionalfrequency.bandcamp.com/album/parasite27
https://exceptionalfrequency.bandcamp.com/album/parasite28
https://exceptionalfrequency.bandcamp.com/album/parasite29
https://exceptionalfrequency.bandcamp.com/album/parasite3
https://exceptionalfrequency.bandcamp.com/album/parasite30
https://exceptionalfrequency.bandcamp.com/album/parasite31
https://exceptionalfrequency.bandcamp.com/album/parasite32-raw
https://exceptionalfrequency.bandcamp.com/album/parasite33
https://exceptionalfrequency.bandcamp.com/album/parasite34
https://exceptionalfrequency.bandcamp.com/album/parasite35
https://exceptionalfrequency.bandcamp.com/album/parasite36
https://exceptionalfrequency.bandcamp.com/album/parasite37
https://exceptionalfrequency.bandcamp.com/album/parasite38
https://exceptionalfrequency.bandcamp.com/album/parasite39
https://exceptionalfrequency.bandcamp.com/album/parasite4
https://exceptionalfrequency.bandcamp.com/album/parasite40
https://exceptionalfrequency.bandcamp.com/album/parasite41
https://exceptionalfrequency.bandcamp.com/album/parasite42
https://exceptionalfrequency.bandcamp.com/album/parasite43
https://exceptionalfrequency.bandcamp.com/album/parasite44
https://exceptionalfrequency.bandcamp.com/album/parasite45
https://exceptionalfrequency.bandcamp.com/album/parasite46
https://exceptionalfrequency.bandcamp.com/album/parasite47-2
https://exceptionalfrequency.bandcamp.com/album/parasite48
https://exceptionalfrequency.bandcamp.com/album/parasite49
https://exceptionalfrequency.bandcamp.com/album/parasite5
https://exceptionalfrequency.bandcamp.com/album/parasite50
https://exceptionalfrequency.bandcamp.com/album/parasite51
https://exceptionalfrequency.bandcamp.com/album/parasite52
https://exceptionalfrequency.bandcamp.com/album/parasite53
https://exceptionalfrequency.bandcamp.com/album/parasite54
https://exceptionalfrequency.bandcamp.com/album/parasite55
https://exceptionalfrequency.bandcamp.com/album/parasite6
https://exceptionalfrequency.bandcamp.com/album/parasite7
https://exceptionalfrequency.bandcamp.com/album/parasite8
https://exceptionalfrequency.bandcamp.com/album/parasite9
https://exceptionalfrequency.bandcamp.com/album/paris-first-encounter-2004
https://exceptionalfrequency.bandcamp.com/album/passionfashion
https://exceptionalfrequency.bandcamp.com/album/path
https://exceptionalfrequency.bandcamp.com/album/patiencechild
https://exceptionalfrequency.bandcamp.com/album/peaceful
https://exceptionalfrequency.bandcamp.com/album/peculiar-friend-flac
https://exceptionalfrequency.bandcamp.com/album/penang
https://exceptionalfrequency.bandcamp.com/album/perplexity1
https://exceptionalfrequency.bandcamp.com/album/perspective-i
https://exceptionalfrequency.bandcamp.com/album/perspective-ii
https://exceptionalfrequency.bandcamp.com/album/phantom-elephant
https://exceptionalfrequency.bandcamp.com/album/phantom-rider
https://exceptionalfrequency.bandcamp.com/album/pharaohs-drone-black-gold
https://exceptionalfrequency.bandcamp.com/album/pharaohs-drone-the-hour
https://exceptionalfrequency.bandcamp.com/album/phoenix-and-elephant
https://exceptionalfrequency.bandcamp.com/album/phono-ada-mix-single
https://exceptionalfrequency.bandcamp.com/album/phrases-dedicated-to-louise-gl-ck
https://exceptionalfrequency.bandcamp.com/album/physical-structure
https://exceptionalfrequency.bandcamp.com/album/pick
https://exceptionalfrequency.bandcamp.com/album/pillars
https://exceptionalfrequency.bandcamp.com/album/pillowclouds
https://exceptionalfrequency.bandcamp.com/album/play-sound
https://exceptionalfrequency.bandcamp.com/album/pleasewait
https://exceptionalfrequency.bandcamp.com/album/plstcrlrd
https://exceptionalfrequency.bandcamp.com/album/pluto-has-five-known-moons
https://exceptionalfrequency.bandcamp.com/album/pocket-phono
https://exceptionalfrequency.bandcamp.com/album/pointview
https://exceptionalfrequency.bandcamp.com/album/political-dream
https://exceptionalfrequency.bandcamp.com/album/polychrome-sand
https://exceptionalfrequency.bandcamp.com/album/possiblelandscape
https://exceptionalfrequency.bandcamp.com/album/postphone-delay
https://exceptionalfrequency.bandcamp.com/album/power-chant
https://exceptionalfrequency.bandcamp.com/album/praxis
https://exceptionalfrequency.bandcamp.com/album/premium
https://exceptionalfrequency.bandcamp.com/album/preposition1
https://exceptionalfrequency.bandcamp.com/album/preposition10
https://exceptionalfrequency.bandcamp.com/album/preposition11
https://exceptionalfrequency.bandcamp.com/album/preposition12
https://exceptionalfrequency.bandcamp.com/album/preposition13
https://exceptionalfrequency.bandcamp.com/album/preposition2
https://exceptionalfrequency.bandcamp.com/album/preposition3
https://exceptionalfrequency.bandcamp.com/album/preposition4
https://exceptionalfrequency.bandcamp.com/album/preposition5
https://exceptionalfrequency.bandcamp.com/album/preposition6
https://exceptionalfrequency.bandcamp.com/album/preposition7
https://exceptionalfrequency.bandcamp.com/album/preposition8
https://exceptionalfrequency.bandcamp.com/album/preposition9
https://exceptionalfrequency.bandcamp.com/album/press-allow-to-continue
https://exceptionalfrequency.bandcamp.com/album/press-dedicated-to-scott-walker
https://exceptionalfrequency.bandcamp.com/album/privateparty
https://exceptionalfrequency.bandcamp.com/album/pudu-community-art-project-2009
https://exceptionalfrequency.bandcamp.com/album/pukul-berapa
https://exceptionalfrequency.bandcamp.com/album/punk-guitar-cdr
https://exceptionalfrequency.bandcamp.com/album/punk-guitar-the-ai-mastering-edition
https://exceptionalfrequency.bandcamp.com/album/punkte
https://exceptionalfrequency.bandcamp.com/album/push1
https://exceptionalfrequency.bandcamp.com/album/push2
https://exceptionalfrequency.bandcamp.com/album/qians-a-chinese-ghost-story
https://exceptionalfrequency.bandcamp.com/album/que-sais-je-1
https://exceptionalfrequency.bandcamp.com/album/que-sais-je-10
https://exceptionalfrequency.bandcamp.com/album/que-sais-je-11
https://exceptionalfrequency.bandcamp.com/album/que-sais-je-12
https://exceptionalfrequency.bandcamp.com/album/que-sais-je-13
https://exceptionalfrequency.bandcamp.com/album/que-sais-je-14
https://exceptionalfrequency.bandcamp.com/album/que-sais-je-15
https://exceptionalfrequency.bandcamp.com/album/que-sais-je-16
https://exceptionalfrequency.bandcamp.com/album/que-sais-je-17
https://exceptionalfrequency.bandcamp.com/album/que-sais-je-18
https://exceptionalfrequency.bandcamp.com/album/que-sais-je-2
https://exceptionalfrequency.bandcamp.com/album/que-sais-je-4
https://exceptionalfrequency.bandcamp.com/album/que-sais-je-5
https://exceptionalfrequency.bandcamp.com/album/que-sais-je-6
https://exceptionalfrequency.bandcamp.com/album/que-sais-je-7
https://exceptionalfrequency.bandcamp.com/album/que-sais-je-8
https://exceptionalfrequency.bandcamp.com/album/que-sais-je-9
https://exceptionalfrequency.bandcamp.com/album/que-sais-je-bonus-single
https://exceptionalfrequency.bandcamp.com/album/radio-no
https://exceptionalfrequency.bandcamp.com/album/radionietzsche
https://exceptionalfrequency.bandcamp.com/album/radiowave
https://exceptionalfrequency.bandcamp.com/album/rainbow-colours-sunlight
https://exceptionalfrequency.bandcamp.com/album/raindrops-keep-falling-on-my-head
https://exceptionalfrequency.bandcamp.com/album/raindrops-keep-falling-on-my-head-again
https://exceptionalfrequency.bandcamp.com/album/rainforest
https://exceptionalfrequency.bandcamp.com/album/rainy-equator
https://exceptionalfrequency.bandcamp.com/album/rampos-archfoe-world
https://exceptionalfrequency.bandcamp.com/album/rampos-archfoe-world-2
https://exceptionalfrequency.bandcamp.com/album/random-memories
https://exceptionalfrequency.bandcamp.com/album/random-thoughts-while-reading-samuel-beckett
https://exceptionalfrequency.bandcamp.com/album/rareline
https://exceptionalfrequency.bandcamp.com/album/rate
https://exceptionalfrequency.bandcamp.com/album/re-nature
https://exceptionalfrequency.bandcamp.com/album/reading
https://exceptionalfrequency.bandcamp.com/album/rear-window-vol-i
https://exceptionalfrequency.bandcamp.com/album/rear-window-vol-ii
https://exceptionalfrequency.bandcamp.com/album/rear-window-vol-iii
https://exceptionalfrequency.bandcamp.com/album/rear-window-vol-ix
https://exceptionalfrequency.bandcamp.com/album/rear-window-vol-v
https://exceptionalfrequency.bandcamp.com/album/rear-window-vol-vi
https://exceptionalfrequency.bandcamp.com/album/rear-window-vol-vii
https://exceptionalfrequency.bandcamp.com/album/rear-window-vol-viii
https://exceptionalfrequency.bandcamp.com/album/rear-window-vol-x
https://exceptionalfrequency.bandcamp.com/album/rear-window-vol-xi
https://exceptionalfrequency.bandcamp.com/album/rear-window-vol-xii
https://exceptionalfrequency.bandcamp.com/album/rear-window-vol-xiii
https://exceptionalfrequency.bandcamp.com/album/rear-window-vol-xiv
https://exceptionalfrequency.bandcamp.com/album/rear-window-vol-xix
https://exceptionalfrequency.bandcamp.com/album/rear-window-vol-xv
https://exceptionalfrequency.bandcamp.com/album/rear-window-vol-xvii
https://exceptionalfrequency.bandcamp.com/album/rear-window-vol-xviii-2
https://exceptionalfrequency.bandcamp.com/album/rear-window-vol-xx
https://exceptionalfrequency.bandcamp.com/album/rear-window-vol-xx-iii
https://exceptionalfrequency.bandcamp.com/album/rear-window-vol-xxi
https://exceptionalfrequency.bandcamp.com/album/rear-window-vol-xxii
https://exceptionalfrequency.bandcamp.com/album/rear-window-vol-xxiv
https://exceptionalfrequency.bandcamp.com/album/rear-window-vol-xxix
https://exceptionalfrequency.bandcamp.com/album/rear-window-vol-xxv
https://exceptionalfrequency.bandcamp.com/album/rear-window-vol-xxv-iii
https://exceptionalfrequency.bandcamp.com/album/rear-window-vol-xxvi
https://exceptionalfrequency.bandcamp.com/album/rear-window-vol-xxvii
https://exceptionalfrequency.bandcamp.com/album/rear-window16
https://exceptionalfrequency.bandcamp.com/album/rearwindow4
https://exceptionalfrequency.bandcamp.com/album/recovery-center
https://exceptionalfrequency.bandcamp.com/album/red-house
https://exceptionalfrequency.bandcamp.com/album/reel-rider
https://exceptionalfrequency.bandcamp.com/album/regardlesswhatthedevilbeentellingyou
https://exceptionalfrequency.bandcamp.com/album/regeneration1
https://exceptionalfrequency.bandcamp.com/album/regular-interval
https://exceptionalfrequency.bandcamp.com/album/rejoice
https://exceptionalfrequency.bandcamp.com/album/relevation
https://exceptionalfrequency.bandcamp.com/album/remain-in-moonlight
https://exceptionalfrequency.bandcamp.com/album/rememberfire
https://exceptionalfrequency.bandcamp.com/album/remote-ocean
https://exceptionalfrequency.bandcamp.com/album/remove
https://exceptionalfrequency.bandcamp.com/album/remover
https://exceptionalfrequency.bandcamp.com/album/repent
https://exceptionalfrequency.bandcamp.com/album/rescue-mission
https://exceptionalfrequency.bandcamp.com/album/resemble
https://exceptionalfrequency.bandcamp.com/album/restuck
https://exceptionalfrequency.bandcamp.com/album/retro
https://exceptionalfrequency.bandcamp.com/album/return
https://exceptionalfrequency.bandcamp.com/album/reunion
https://exceptionalfrequency.bandcamp.com/album/reverseriver
https://exceptionalfrequency.bandcamp.com/album/rewrite
https://exceptionalfrequency.bandcamp.com/album/rhizome
https://exceptionalfrequency.bandcamp.com/album/rhizome-2
https://exceptionalfrequency.bandcamp.com/album/rider-in-the-storm
https://exceptionalfrequency.bandcamp.com/album/rimbun-dahan-november-28th-2020
https://exceptionalfrequency.bandcamp.com/album/ringing-the-inner-bells
https://exceptionalfrequency.bandcamp.com/album/risk
https://exceptionalfrequency.bandcamp.com/album/river-blues
https://exceptionalfrequency.bandcamp.com/album/river-crossing-night
https://exceptionalfrequency.bandcamp.com/album/river-the-reminder
https://exceptionalfrequency.bandcamp.com/album/riverbank
https://exceptionalfrequency.bandcamp.com/album/road-trip-20241103
https://exceptionalfrequency.bandcamp.com/album/robot-walk
https://exceptionalfrequency.bandcamp.com/album/rocking-wall
https://exceptionalfrequency.bandcamp.com/album/rocks-in-the-cradle
https://exceptionalfrequency.bandcamp.com/album/roller-coaster
https://exceptionalfrequency.bandcamp.com/album/rolling-dedicated-to-jeph-jerman
https://exceptionalfrequency.bandcamp.com/album/roman
https://exceptionalfrequency.bandcamp.com/album/rooftopproverbs
https://exceptionalfrequency.bandcamp.com/album/room-sound
https://exceptionalfrequency.bandcamp.com/album/room-tasting
https://exceptionalfrequency.bandcamp.com/album/rotten-memories-vol-1
https://exceptionalfrequency.bandcamp.com/album/rotten-memories-vol-2
https://exceptionalfrequency.bandcamp.com/album/rotten-memories-vol-3
https://exceptionalfrequency.bandcamp.com/album/rough-punch-cut
https://exceptionalfrequency.bandcamp.com/album/roughly
https://exceptionalfrequency.bandcamp.com/album/round-n-around
https://exceptionalfrequency.bandcamp.com/album/roundrise
https://exceptionalfrequency.bandcamp.com/album/route
https://exceptionalfrequency.bandcamp.com/album/rubber
https://exceptionalfrequency.bandcamp.com/album/ruminant
https://exceptionalfrequency.bandcamp.com/album/runningmirror
https://exceptionalfrequency.bandcamp.com/album/s-laris-appreciably-inspired-by-stanis-aw-lems-novel
https://exceptionalfrequency.bandcamp.com/album/s-o-s-2-special-exhibition-edition
https://exceptionalfrequency.bandcamp.com/album/s-o-s-sound-of-solitude-20080920-28-sos-radialx-08-international-art-radio-lisbon
https://exceptionalfrequency.bandcamp.com/album/safetysong
https://exceptionalfrequency.bandcamp.com/album/saltandpepper
https://exceptionalfrequency.bandcamp.com/album/samethings
https://exceptionalfrequency.bandcamp.com/album/sand-stereo
https://exceptionalfrequency.bandcamp.com/album/sarinagara
https://exceptionalfrequency.bandcamp.com/album/say-no-more
https://exceptionalfrequency.bandcamp.com/album/scan
https://exceptionalfrequency.bandcamp.com/album/schopenhauer-no-3
https://exceptionalfrequency.bandcamp.com/album/schopenhauer-nos-1-2
https://exceptionalfrequency.bandcamp.com/album/sci-fi
https://exceptionalfrequency.bandcamp.com/album/sci-fi-lullaby
https://exceptionalfrequency.bandcamp.com/album/search-light
https://exceptionalfrequency.bandcamp.com/album/selected-compositions-2
https://exceptionalfrequency.bandcamp.com/album/self-madebuddha
https://exceptionalfrequency.bandcamp.com/album/semi-desert
https://exceptionalfrequency.bandcamp.com/album/sending-winter-to-the-milky-way
https://exceptionalfrequency.bandcamp.com/album/serendipitousconvergence
https://exceptionalfrequency.bandcamp.com/album/set-the-foot-on-the-sonic-ocean
https://exceptionalfrequency.bandcamp.com/album/shapeofthefuture
https://exceptionalfrequency.bandcamp.com/album/shapeorform
https://exceptionalfrequency.bandcamp.com/album/shaper
https://exceptionalfrequency.bandcamp.com/album/sharp-white
https://exceptionalfrequency.bandcamp.com/album/she-dance-he-dance-we-dance-dedicated-to-leos-carax
https://exceptionalfrequency.bandcamp.com/album/short-cut
https://exceptionalfrequency.bandcamp.com/album/sideoftheroad
https://exceptionalfrequency.bandcamp.com/album/sight
https://exceptionalfrequency.bandcamp.com/album/significant
https://exceptionalfrequency.bandcamp.com/album/similarthings
https://exceptionalfrequency.bandcamp.com/album/simple-i
https://exceptionalfrequency.bandcamp.com/album/simple-ii
https://exceptionalfrequency.bandcamp.com/album/simple-iii
https://exceptionalfrequency.bandcamp.com/album/sing-the-body-electric
https://exceptionalfrequency.bandcamp.com/album/site-specific-mou-tou-1
https://exceptionalfrequency.bandcamp.com/album/site-specific-mou-tou-2
https://exceptionalfrequency.bandcamp.com/album/skeptical
https://exceptionalfrequency.bandcamp.com/album/skinny-blue
https://exceptionalfrequency.bandcamp.com/album/sky-walk-subway
https://exceptionalfrequency.bandcamp.com/album/sleepingdrowning
https://exceptionalfrequency.bandcamp.com/album/sleepless
https://exceptionalfrequency.bandcamp.com/album/slow-immersive
https://exceptionalfrequency.bandcamp.com/album/slow-motion-bullet-s-m-b
https://exceptionalfrequency.bandcamp.com/album/slow-path
https://exceptionalfrequency.bandcamp.com/album/slowmotion-dedicated-to-jean-luc-godard
https://exceptionalfrequency.bandcamp.com/album/small-party
https://exceptionalfrequency.bandcamp.com/album/small-thoughts-go-stormy
https://exceptionalfrequency.bandcamp.com/album/small-town
https://exceptionalfrequency.bandcamp.com/album/smile
https://exceptionalfrequency.bandcamp.com/album/smile-sky-mark-the-date
https://exceptionalfrequency.bandcamp.com/album/snake
https://exceptionalfrequency.bandcamp.com/album/snowfall
https://exceptionalfrequency.bandcamp.com/album/so-appreciate-that-field-recording-plus-2012-2018
https://exceptionalfrequency.bandcamp.com/album/soaked-in-bleach
https://exceptionalfrequency.bandcamp.com/album/socialdistancing
https://exceptionalfrequency.bandcamp.com/album/soft-bed
https://exceptionalfrequency.bandcamp.com/album/solar-mirror
https://exceptionalfrequency.bandcamp.com/album/solid
https://exceptionalfrequency.bandcamp.com/album/solid-sonic
https://exceptionalfrequency.bandcamp.com/album/solidstreet
https://exceptionalfrequency.bandcamp.com/album/solo-amplifier-acoustic-guitar-improvisations-2
https://exceptionalfrequency.bandcamp.com/album/solo-improvisations-2016
https://exceptionalfrequency.bandcamp.com/album/solongkingsnake
https://exceptionalfrequency.bandcamp.com/album/some-kind-of-wonderful
https://exceptionalfrequency.bandcamp.com/album/somewhere-over-the-rainbow
https://exceptionalfrequency.bandcamp.com/album/soonerorlateryoullforgetaboutyourself-andeverybodyelse
https://exceptionalfrequency.bandcamp.com/album/sophisticated-grey
https://exceptionalfrequency.bandcamp.com/album/soulless
https://exceptionalfrequency.bandcamp.com/album/sound-sea
https://exceptionalfrequency.bandcamp.com/album/soundhandzen
https://exceptionalfrequency.bandcamp.com/album/soundwhite
https://exceptionalfrequency.bandcamp.com/album/south-sun
https://exceptionalfrequency.bandcamp.com/album/souvenir
https://exceptionalfrequency.bandcamp.com/album/space-agency-one
https://exceptionalfrequency.bandcamp.com/album/space-travel
https://exceptionalfrequency.bandcamp.com/album/spacewastestation
https://exceptionalfrequency.bandcamp.com/album/spacing-i
https://exceptionalfrequency.bandcamp.com/album/spacing-ii
https://exceptionalfrequency.bandcamp.com/album/specialstone
https://exceptionalfrequency.bandcamp.com/album/spectrum-road
https://exceptionalfrequency.bandcamp.com/album/spice
https://exceptionalfrequency.bandcamp.com/album/spicyrain
https://exceptionalfrequency.bandcamp.com/album/spin
https://exceptionalfrequency.bandcamp.com/album/spontaneous-simultude
https://exceptionalfrequency.bandcamp.com/album/spool
https://exceptionalfrequency.bandcamp.com/album/spring
https://exceptionalfrequency.bandcamp.com/album/spring-2
https://exceptionalfrequency.bandcamp.com/album/stalker-2019-remastered
https://exceptionalfrequency.bandcamp.com/album/starless
https://exceptionalfrequency.bandcamp.com/album/statistic-bugs
https://exceptionalfrequency.bandcamp.com/album/status-of-the-pharoahs
https://exceptionalfrequency.bandcamp.com/album/step-o
https://exceptionalfrequency.bandcamp.com/album/step-u
https://exceptionalfrequency.bandcamp.com/album/stereo-dj-mixer-sessions-lost-found
https://exceptionalfrequency.bandcamp.com/album/stickers
https://exceptionalfrequency.bandcamp.com/album/stilllifesinaroom-in-the-memory-of-alvin-lucier
https://exceptionalfrequency.bandcamp.com/album/stillvariations
https://exceptionalfrequency.bandcamp.com/album/stolencar1
https://exceptionalfrequency.bandcamp.com/album/stolencar2
https://exceptionalfrequency.bandcamp.com/album/stolencar3
https://exceptionalfrequency.bandcamp.com/album/stolencar4
https://exceptionalfrequency.bandcamp.com/album/stolencar5
https://exceptionalfrequency.bandcamp.com/album/stoneage
https://exceptionalfrequency.bandcamp.com/album/stoned-storm
https://exceptionalfrequency.bandcamp.com/album/stones
https://exceptionalfrequency.bandcamp.com/album/stones-2
https://exceptionalfrequency.bandcamp.com/album/stones-3
https://exceptionalfrequency.bandcamp.com/album/stop-motion
https://exceptionalfrequency.bandcamp.com/album/stranger-in-blue
https://exceptionalfrequency.bandcamp.com/album/strangers
https://exceptionalfrequency.bandcamp.com/album/stream-of-consciousness
https://exceptionalfrequency.bandcamp.com/album/street-noise
https://exceptionalfrequency.bandcamp.com/album/stripper
https://exceptionalfrequency.bandcamp.com/album/strokesofdisappointment
https://exceptionalfrequency.bandcamp.com/album/stronger
https://exceptionalfrequency.bandcamp.com/album/strongerthanflying
https://exceptionalfrequency.bandcamp.com/album/sublime
https://exceptionalfrequency.bandcamp.com/album/subliminal
https://exceptionalfrequency.bandcamp.com/album/substract1
https://exceptionalfrequency.bandcamp.com/album/subterranean-silence
https://exceptionalfrequency.bandcamp.com/album/suicide-underground
https://exceptionalfrequency.bandcamp.com/album/summer
https://exceptionalfrequency.bandcamp.com/album/summer-interlude
https://exceptionalfrequency.bandcamp.com/album/sun-down
https://exceptionalfrequency.bandcamp.com/album/sun-dream-drum
https://exceptionalfrequency.bandcamp.com/album/sun-strokes-2019-remastered
https://exceptionalfrequency.bandcamp.com/album/sunlight-variations
https://exceptionalfrequency.bandcamp.com/album/sunset-morning
https://exceptionalfrequency.bandcamp.com/album/sunshine
https://exceptionalfrequency.bandcamp.com/album/sunshine-in-light-green
https://exceptionalfrequency.bandcamp.com/album/sunshine-sunset-no-sun
https://exceptionalfrequency.bandcamp.com/album/sunshine-warning
https://exceptionalfrequency.bandcamp.com/album/super-toys
https://exceptionalfrequency.bandcamp.com/album/superaway
https://exceptionalfrequency.bandcamp.com/album/superclean-firecracker-nothing-is-changing
https://exceptionalfrequency.bandcamp.com/album/supernova1
https://exceptionalfrequency.bandcamp.com/album/supernova10
https://exceptionalfrequency.bandcamp.com/album/supernova2
https://exceptionalfrequency.bandcamp.com/album/supernova3
https://exceptionalfrequency.bandcamp.com/album/supernova4
https://exceptionalfrequency.bandcamp.com/album/supernova5
https://exceptionalfrequency.bandcamp.com/album/supernova6
https://exceptionalfrequency.bandcamp.com/album/supernova7
https://exceptionalfrequency.bandcamp.com/album/supernova8
https://exceptionalfrequency.bandcamp.com/album/supernova9
https://exceptionalfrequency.bandcamp.com/album/supersonic-soul
https://exceptionalfrequency.bandcamp.com/album/supertoys-2023-revisited
https://exceptionalfrequency.bandcamp.com/album/surrounded-by-the-sea
https://exceptionalfrequency.bandcamp.com/album/surveillance
https://exceptionalfrequency.bandcamp.com/album/sweeping
https://exceptionalfrequency.bandcamp.com/album/sweet-and-lovely
https://exceptionalfrequency.bandcamp.com/album/sweet-house
https://exceptionalfrequency.bandcamp.com/album/sweet-light
https://exceptionalfrequency.bandcamp.com/album/sweet-truth-gotta-light
https://exceptionalfrequency.bandcamp.com/album/sweettragic
https://exceptionalfrequency.bandcamp.com/album/switzerland
https://exceptionalfrequency.bandcamp.com/album/synthesis3
https://exceptionalfrequency.bandcamp.com/album/synthronicity-2019-remastered
https://exceptionalfrequency.bandcamp.com/album/system-cleaner
https://exceptionalfrequency.bandcamp.com/album/tail-out
https://exceptionalfrequency.bandcamp.com/album/take-off
https://exceptionalfrequency.bandcamp.com/album/talk-tales
https://exceptionalfrequency.bandcamp.com/album/talk-to-you
https://exceptionalfrequency.bandcamp.com/album/tanah-ayer-field-recording-treaments-2011-2016
https://exceptionalfrequency.bandcamp.com/album/tanda-x
https://exceptionalfrequency.bandcamp.com/album/tango-tomorrow
https://exceptionalfrequency.bandcamp.com/album/tea-time
https://exceptionalfrequency.bandcamp.com/album/tear-gas
https://exceptionalfrequency.bandcamp.com/album/techinically
https://exceptionalfrequency.bandcamp.com/album/tele1
https://exceptionalfrequency.bandcamp.com/album/tele10
https://exceptionalfrequency.bandcamp.com/album/tele11
https://exceptionalfrequency.bandcamp.com/album/tele12
https://exceptionalfrequency.bandcamp.com/album/tele13
https://exceptionalfrequency.bandcamp.com/album/tele14
https://exceptionalfrequency.bandcamp.com/album/tele15
https://exceptionalfrequency.bandcamp.com/album/tele16
https://exceptionalfrequency.bandcamp.com/album/tele17
https://exceptionalfrequency.bandcamp.com/album/tele18
https://exceptionalfrequency.bandcamp.com/album/tele19
https://exceptionalfrequency.bandcamp.com/album/tele2
https://exceptionalfrequency.bandcamp.com/album/tele20
https://exceptionalfrequency.bandcamp.com/album/tele21
https://exceptionalfrequency.bandcamp.com/album/tele22
https://exceptionalfrequency.bandcamp.com/album/tele23
https://exceptionalfrequency.bandcamp.com/album/tele24
https://exceptionalfrequency.bandcamp.com/album/tele25-supertele
https://exceptionalfrequency.bandcamp.com/album/tele26
https://exceptionalfrequency.bandcamp.com/album/tele27
https://exceptionalfrequency.bandcamp.com/album/tele28
https://exceptionalfrequency.bandcamp.com/album/tele29
https://exceptionalfrequency.bandcamp.com/album/tele3
https://exceptionalfrequency.bandcamp.com/album/tele30
https://exceptionalfrequency.bandcamp.com/album/tele31
https://exceptionalfrequency.bandcamp.com/album/tele32
https://exceptionalfrequency.bandcamp.com/album/tele33
https://exceptionalfrequency.bandcamp.com/album/tele34
https://exceptionalfrequency.bandcamp.com/album/tele35
https://exceptionalfrequency.bandcamp.com/album/tele36
https://exceptionalfrequency.bandcamp.com/album/tele37-4ah
https://exceptionalfrequency.bandcamp.com/album/tele38
https://exceptionalfrequency.bandcamp.com/album/tele39-breaking-news
https://exceptionalfrequency.bandcamp.com/album/tele4
https://exceptionalfrequency.bandcamp.com/album/tele40
https://exceptionalfrequency.bandcamp.com/album/tele41
https://exceptionalfrequency.bandcamp.com/album/tele42
https://exceptionalfrequency.bandcamp.com/album/tele43
https://exceptionalfrequency.bandcamp.com/album/tele44
https://exceptionalfrequency.bandcamp.com/album/tele45
https://exceptionalfrequency.bandcamp.com/album/tele46
https://exceptionalfrequency.bandcamp.com/album/tele47
https://exceptionalfrequency.bandcamp.com/album/tele48
https://exceptionalfrequency.bandcamp.com/album/tele49
https://exceptionalfrequency.bandcamp.com/album/tele5
https://exceptionalfrequency.bandcamp.com/album/tele50
https://exceptionalfrequency.bandcamp.com/album/tele51
https://exceptionalfrequency.bandcamp.com/album/tele52
https://exceptionalfrequency.bandcamp.com/album/tele53
https://exceptionalfrequency.bandcamp.com/album/tele54
https://exceptionalfrequency.bandcamp.com/album/tele55
https://exceptionalfrequency.bandcamp.com/album/tele56
https://exceptionalfrequency.bandcamp.com/album/tele57
https://exceptionalfrequency.bandcamp.com/album/tele58
https://exceptionalfrequency.bandcamp.com/album/tele59
https://exceptionalfrequency.bandcamp.com/album/tele6
https://exceptionalfrequency.bandcamp.com/album/tele60
https://exceptionalfrequency.bandcamp.com/album/tele61
https://exceptionalfrequency.bandcamp.com/album/tele7
https://exceptionalfrequency.bandcamp.com/album/tele8
https://exceptionalfrequency.bandcamp.com/album/tele9
https://exceptionalfrequency.bandcamp.com/album/ten-miles
https://exceptionalfrequency.bandcamp.com/album/tension
https://exceptionalfrequency.bandcamp.com/album/territory1
https://exceptionalfrequency.bandcamp.com/album/territory2
https://exceptionalfrequency.bandcamp.com/album/that-obscure-object-of-desire
https://exceptionalfrequency.bandcamp.com/album/the-auricle-sonic-arts-gallery-april-25th
https://exceptionalfrequency.bandcamp.com/album/the-beautyful-ones-are-not-yet-born-an-introduction-to-ghost
https://exceptionalfrequency.bandcamp.com/album/the-black-blues
https://exceptionalfrequency.bandcamp.com/album/the-black-void-of-space
https://exceptionalfrequency.bandcamp.com/album/the-chamber-dedicated-to-david-lynch
https://exceptionalfrequency.bandcamp.com/album/the-chanting-monk
https://exceptionalfrequency.bandcamp.com/album/the-clock-is-ticking
https://exceptionalfrequency.bandcamp.com/album/the-clown
https://exceptionalfrequency.bandcamp.com/album/the-deserted-ear
https://exceptionalfrequency.bandcamp.com/album/the-discreet-charm-of-the-bourgeoisie
https://exceptionalfrequency.bandcamp.com/album/the-drifter
https://exceptionalfrequency.bandcamp.com/album/the-drunks
https://exceptionalfrequency.bandcamp.com/album/the-end-of
https://exceptionalfrequency.bandcamp.com/album/the-escape-plan
https://exceptionalfrequency.bandcamp.com/album/the-fabulous-collection
https://exceptionalfrequency.bandcamp.com/album/the-faith
https://exceptionalfrequency.bandcamp.com/album/the-fly
https://exceptionalfrequency.bandcamp.com/album/the-french-conversations
https://exceptionalfrequency.bandcamp.com/album/the-futurist
https://exceptionalfrequency.bandcamp.com/album/the-games-we-play-live-at-kongsi-kl-9th-december-2017
https://exceptionalfrequency.bandcamp.com/album/the-garden-of-earthly-delights
https://exceptionalfrequency.bandcamp.com/album/the-guitars-and-the-digital-machine
https://exceptionalfrequency.bandcamp.com/album/the-hill
https://exceptionalfrequency.bandcamp.com/album/the-jam-tape
https://exceptionalfrequency.bandcamp.com/album/the-killer
https://exceptionalfrequency.bandcamp.com/album/the-lion-the-cobra
https://exceptionalfrequency.bandcamp.com/album/the-long-and-winding-road
https://exceptionalfrequency.bandcamp.com/album/the-lost-testimony-of-rashomon-ost
https://exceptionalfrequency.bandcamp.com/album/the-man-from-another-place
https://exceptionalfrequency.bandcamp.com/album/the-milky-way
https://exceptionalfrequency.bandcamp.com/album/the-missing-universe-dedicated-to-philip-k-dick
https://exceptionalfrequency.bandcamp.com/album/the-night-of-the-hunter
https://exceptionalfrequency.bandcamp.com/album/the-night-when-purple-turn-blue
https://exceptionalfrequency.bandcamp.com/album/the-nightmare-of-the-train-riding-non-stop-around-the-lake
https://exceptionalfrequency.bandcamp.com/album/the-peculiars-lullaby
https://exceptionalfrequency.bandcamp.com/album/the-pets
https://exceptionalfrequency.bandcamp.com/album/the-phantom-of-liberty
https://exceptionalfrequency.bandcamp.com/album/the-plague
https://exceptionalfrequency.bandcamp.com/album/the-protagonist-k
https://exceptionalfrequency.bandcamp.com/album/the-pyramid-club-april-24th
https://exceptionalfrequency.bandcamp.com/album/the-rain-scene
https://exceptionalfrequency.bandcamp.com/album/the-rehearsal-tape
https://exceptionalfrequency.bandcamp.com/album/the-river-is-our-school
https://exceptionalfrequency.bandcamp.com/album/the-river-of-unconsciousness
https://exceptionalfrequency.bandcamp.com/album/the-shape-of-whatever-to-come
https://exceptionalfrequency.bandcamp.com/album/the-solo-sets-live-in-new-zealand-2017
https://exceptionalfrequency.bandcamp.com/album/the-sonic-wanderer
https://exceptionalfrequency.bandcamp.com/album/the-stalker
https://exceptionalfrequency.bandcamp.com/album/the-standalone-shadow
https://exceptionalfrequency.bandcamp.com/album/the-surf-album
https://exceptionalfrequency.bandcamp.com/album/the-taming
https://exceptionalfrequency.bandcamp.com/album/the-times-they-are-a-changin
https://exceptionalfrequency.bandcamp.com/album/the-tragedy-of-the-black-comedy
https://exceptionalfrequency.bandcamp.com/album/the-warrior
https://exceptionalfrequency.bandcamp.com/album/the-waves-dedicated-to-virginia-woolf
https://exceptionalfrequency.bandcamp.com/album/the-were-lights
https://exceptionalfrequency.bandcamp.com/album/the-wolves
https://exceptionalfrequency.bandcamp.com/album/theater-candle
https://exceptionalfrequency.bandcamp.com/album/thebads
https://exceptionalfrequency.bandcamp.com/album/theconversations
https://exceptionalfrequency.bandcamp.com/album/thefortress
https://exceptionalfrequency.bandcamp.com/album/thelongestday
https://exceptionalfrequency.bandcamp.com/album/thenflower
https://exceptionalfrequency.bandcamp.com/album/theoretically-wild
https://exceptionalfrequency.bandcamp.com/album/theparasitesaregettingtheirrevenge
https://exceptionalfrequency.bandcamp.com/album/theredballon
https://exceptionalfrequency.bandcamp.com/album/theres-going-to-be-a-departure
https://exceptionalfrequency.bandcamp.com/album/thesis-advisor
https://exceptionalfrequency.bandcamp.com/album/thesuntriggerrainfall
https://exceptionalfrequency.bandcamp.com/album/this-room
https://exceptionalfrequency.bandcamp.com/album/thisnighteyes
https://exceptionalfrequency.bandcamp.com/album/thosewrongs
https://exceptionalfrequency.bandcamp.com/album/thought-tones
https://exceptionalfrequency.bandcamp.com/album/thousandleaves
https://exceptionalfrequency.bandcamp.com/album/three-machine-vol-i
https://exceptionalfrequency.bandcamp.com/album/three-three-three
https://exceptionalfrequency.bandcamp.com/album/thru-and-thru
https://exceptionalfrequency.bandcamp.com/album/tide1
https://exceptionalfrequency.bandcamp.com/album/till-i-happy-with
https://exceptionalfrequency.bandcamp.com/album/time-machine
https://exceptionalfrequency.bandcamp.com/album/time-meet-space-singapore
https://exceptionalfrequency.bandcamp.com/album/time-mixed-2
https://exceptionalfrequency.bandcamp.com/album/timeahead
https://exceptionalfrequency.bandcamp.com/album/timelight
https://exceptionalfrequency.bandcamp.com/album/tiny-line-slowly-outlining-the-room-glowing
https://exceptionalfrequency.bandcamp.com/album/to-crack-the-sky
https://exceptionalfrequency.bandcamp.com/album/tobeuseless
https://exceptionalfrequency.bandcamp.com/album/today
https://exceptionalfrequency.bandcamp.com/album/tomorrowstarted
https://exceptionalfrequency.bandcamp.com/album/ton-dedicated-to-peter-rehberg
https://exceptionalfrequency.bandcamp.com/album/tone-grey
https://exceptionalfrequency.bandcamp.com/album/tongue-and-heart
https://exceptionalfrequency.bandcamp.com/album/tonic
https://exceptionalfrequency.bandcamp.com/album/tonight-midnight
https://exceptionalfrequency.bandcamp.com/album/tornado
https://exceptionalfrequency.bandcamp.com/album/totally-dear
https://exceptionalfrequency.bandcamp.com/album/touch
https://exceptionalfrequency.bandcamp.com/album/tower
https://exceptionalfrequency.bandcamp.com/album/traditional-democratic
https://exceptionalfrequency.bandcamp.com/album/trans-computer-express
https://exceptionalfrequency.bandcamp.com/album/transcendence
https://exceptionalfrequency.bandcamp.com/album/transformer
https://exceptionalfrequency.bandcamp.com/album/transmutation
https://exceptionalfrequency.bandcamp.com/album/transparent
https://exceptionalfrequency.bandcamp.com/album/transwave
https://exceptionalfrequency.bandcamp.com/album/travel-to-the-stars
https://exceptionalfrequency.bandcamp.com/album/travel-way
https://exceptionalfrequency.bandcamp.com/album/treament-no-2
https://exceptionalfrequency.bandcamp.com/album/treatments
https://exceptionalfrequency.bandcamp.com/album/triple-generators
https://exceptionalfrequency.bandcamp.com/album/tripple-space
https://exceptionalfrequency.bandcamp.com/album/trouble
https://exceptionalfrequency.bandcamp.com/album/trouble-aheads
https://exceptionalfrequency.bandcamp.com/album/true-love-wait
https://exceptionalfrequency.bandcamp.com/album/truelies
https://exceptionalfrequency.bandcamp.com/album/trying-to-think-without-a-second-thought
https://exceptionalfrequency.bandcamp.com/album/tuned-1-10-electronic-music
https://exceptionalfrequency.bandcamp.com/album/tunnel
https://exceptionalfrequency.bandcamp.com/album/tunnel-ii
https://exceptionalfrequency.bandcamp.com/album/turn-the-stone-to-the-sun
https://exceptionalfrequency.bandcamp.com/album/twilight-of-the-idols
https://exceptionalfrequency.bandcamp.com/album/twin-peaks
https://exceptionalfrequency.bandcamp.com/album/two-hundred-fifty-minutes-mandala
https://exceptionalfrequency.bandcamp.com/album/two-rains-field-recording-and-manipulations
https://exceptionalfrequency.bandcamp.com/album/two-times-river
https://exceptionalfrequency.bandcamp.com/album/twothreeten
https://exceptionalfrequency.bandcamp.com/album/twowings
https://exceptionalfrequency.bandcamp.com/album/uearb1
https://exceptionalfrequency.bandcamp.com/album/uearb2
https://exceptionalfrequency.bandcamp.com/album/uearb3
https://exceptionalfrequency.bandcamp.com/album/uearb4
https://exceptionalfrequency.bandcamp.com/album/uearb5
https://exceptionalfrequency.bandcamp.com/album/uearb6
https://exceptionalfrequency.bandcamp.com/album/uearb7
https://exceptionalfrequency.bandcamp.com/album/ulternative1
https://exceptionalfrequency.bandcamp.com/album/ulternative10
https://exceptionalfrequency.bandcamp.com/album/ulternative11
https://exceptionalfrequency.bandcamp.com/album/ulternative12
https://exceptionalfrequency.bandcamp.com/album/ulternative13
https://exceptionalfrequency.bandcamp.com/album/ulternative14
https://exceptionalfrequency.bandcamp.com/album/ulternative15
https://exceptionalfrequency.bandcamp.com/album/ulternative16
https://exceptionalfrequency.bandcamp.com/album/ulternative17
https://exceptionalfrequency.bandcamp.com/album/ulternative19
https://exceptionalfrequency.bandcamp.com/album/ulternative2
https://exceptionalfrequency.bandcamp.com/album/ulternative20
https://exceptionalfrequency.bandcamp.com/album/ulternative21
https://exceptionalfrequency.bandcamp.com/album/ulternative22
https://exceptionalfrequency.bandcamp.com/album/ulternative3
https://exceptionalfrequency.bandcamp.com/album/ulternative4-2
https://exceptionalfrequency.bandcamp.com/album/ulternative5
https://exceptionalfrequency.bandcamp.com/album/ulternative6
https://exceptionalfrequency.bandcamp.com/album/ulternative7
https://exceptionalfrequency.bandcamp.com/album/ulternative8
https://exceptionalfrequency.bandcamp.com/album/ulternative9
https://exceptionalfrequency.bandcamp.com/album/unabridged1
https://exceptionalfrequency.bandcamp.com/album/unabridged2
https://exceptionalfrequency.bandcamp.com/album/unbalanced-sort-of-dedicate-to-john-cage
https://exceptionalfrequency.bandcamp.com/album/unbreakable-illusion
https://exceptionalfrequency.bandcamp.com/album/unchained
https://exceptionalfrequency.bandcamp.com/album/uncovered
https://exceptionalfrequency.bandcamp.com/album/under-passage
https://exceptionalfrequency.bandcamp.com/album/understatement-noise
https://exceptionalfrequency.bandcamp.com/album/unheard
https://exceptionalfrequency.bandcamp.com/album/unintentionally-dedicated-to-steve-roden
https://exceptionalfrequency.bandcamp.com/album/unknown-guitar-solo-improvisation
https://exceptionalfrequency.bandcamp.com/album/unmotion-picture-soundtrack
https://exceptionalfrequency.bandcamp.com/album/unmotion-picture-soundtrack-rm
https://exceptionalfrequency.bandcamp.com/album/unmotion-picture-soundtrack-rmx
https://exceptionalfrequency.bandcamp.com/album/unstability-dedicated-to-jeph-jerman
https://exceptionalfrequency.bandcamp.com/album/unteraction1
https://exceptionalfrequency.bandcamp.com/album/unteraction10
https://exceptionalfrequency.bandcamp.com/album/unteraction11
https://exceptionalfrequency.bandcamp.com/album/unteraction12
https://exceptionalfrequency.bandcamp.com/album/unteraction13
https://exceptionalfrequency.bandcamp.com/album/unteraction14
https://exceptionalfrequency.bandcamp.com/album/unteraction2
https://exceptionalfrequency.bandcamp.com/album/unteraction3
https://exceptionalfrequency.bandcamp.com/album/unteraction4
https://exceptionalfrequency.bandcamp.com/album/unteraction5
https://exceptionalfrequency.bandcamp.com/album/unteraction6
https://exceptionalfrequency.bandcamp.com/album/unteraction7
https://exceptionalfrequency.bandcamp.com/album/unteraction8
https://exceptionalfrequency.bandcamp.com/album/unteraction9
https://exceptionalfrequency.bandcamp.com/album/untimely
https://exceptionalfrequency.bandcamp.com/album/untitled-a-live-performance-at-dpac-with-further-processing
https://exceptionalfrequency.bandcamp.com/album/untitled-dedicated-to-jeph-jerman
https://exceptionalfrequency.bandcamp.com/album/untold
https://exceptionalfrequency.bandcamp.com/album/up-on-the-water
https://exceptionalfrequency.bandcamp.com/album/usual-signals
https://exceptionalfrequency.bandcamp.com/album/utec
https://exceptionalfrequency.bandcamp.com/album/utopia-solo-guitar-improvisations-vol-5
https://exceptionalfrequency.bandcamp.com/album/uyuni-kachi-qucha
https://exceptionalfrequency.bandcamp.com/album/v-o-d-k-a
https://exceptionalfrequency.bandcamp.com/album/verify
https://exceptionalfrequency.bandcamp.com/album/vertical
https://exceptionalfrequency.bandcamp.com/album/verticalcreature
https://exceptionalfrequency.bandcamp.com/album/vintage
https://exceptionalfrequency.bandcamp.com/album/violentlyhappy
https://exceptionalfrequency.bandcamp.com/album/visitor-west
https://exceptionalfrequency.bandcamp.com/album/wake-dedicated-to-ryuichi-sakamoto
https://exceptionalfrequency.bandcamp.com/album/walking-on-thin-ice
https://exceptionalfrequency.bandcamp.com/album/walls-of-sound-country-saw-mill-mix
https://exceptionalfrequency.bandcamp.com/album/waltzing
https://exceptionalfrequency.bandcamp.com/album/wander
https://exceptionalfrequency.bandcamp.com/album/war-sea-dedicated-to-william-turner
https://exceptionalfrequency.bandcamp.com/album/warmest-or-the-invisible-hour-dedicated-to-david-lynch-2018-remastered
https://exceptionalfrequency.bandcamp.com/album/warmtouch
https://exceptionalfrequency.bandcamp.com/album/was
https://exceptionalfrequency.bandcamp.com/album/wasnot
https://exceptionalfrequency.bandcamp.com/album/water-walk
https://exceptionalfrequency.bandcamp.com/album/waterland
https://exceptionalfrequency.bandcamp.com/album/wave-clouds
https://exceptionalfrequency.bandcamp.com/album/waver
https://exceptionalfrequency.bandcamp.com/album/way-too-far-communication
https://exceptionalfrequency.bandcamp.com/album/wayang-di-bayang
https://exceptionalfrequency.bandcamp.com/album/we-moon
https://exceptionalfrequency.bandcamp.com/album/weather
https://exceptionalfrequency.bandcamp.com/album/well
https://exceptionalfrequency.bandcamp.com/album/well-circle
https://exceptionalfrequency.bandcamp.com/album/weltanschauung-vol-i
https://exceptionalfrequency.bandcamp.com/album/weltanschauung-vol-ii
https://exceptionalfrequency.bandcamp.com/album/weltanschauung-vol-iii
https://exceptionalfrequency.bandcamp.com/album/weltanschauung-vol-iv
https://exceptionalfrequency.bandcamp.com/album/weltanschauung-vol-ix
https://exceptionalfrequency.bandcamp.com/album/weltanschauung-vol-v
https://exceptionalfrequency.bandcamp.com/album/weltanschauung-vol-vi
https://exceptionalfrequency.bandcamp.com/album/weltanschauung-vol-vii
https://exceptionalfrequency.bandcamp.com/album/weltanschauung-vol-viii
https://exceptionalfrequency.bandcamp.com/album/weltanschauung-vol-x
https://exceptionalfrequency.bandcamp.com/album/weltanschauung-vol-xi
https://exceptionalfrequency.bandcamp.com/album/were-you
https://exceptionalfrequency.bandcamp.com/album/werkstatt-improvisierte-musik-wim
https://exceptionalfrequency.bandcamp.com/album/where-is-the-spaceman
https://exceptionalfrequency.bandcamp.com/album/where-is-the-sun
https://exceptionalfrequency.bandcamp.com/album/where-years
https://exceptionalfrequency.bandcamp.com/album/while-no-one-was-listening
https://exceptionalfrequency.bandcamp.com/album/whisper
https://exceptionalfrequency.bandcamp.com/album/whistles-for-arthur-doyle
https://exceptionalfrequency.bandcamp.com/album/white-light
https://exceptionalfrequency.bandcamp.com/album/wild-berry
https://exceptionalfrequency.bandcamp.com/album/wild-fire
https://exceptionalfrequency.bandcamp.com/album/wildtransmission-unprocessambientrecording
https://exceptionalfrequency.bandcamp.com/album/william-blake
https://exceptionalfrequency.bandcamp.com/album/wind-as-dark
https://exceptionalfrequency.bandcamp.com/album/wind-garden-demon
https://exceptionalfrequency.bandcamp.com/album/wind-gone
https://exceptionalfrequency.bandcamp.com/album/winds-lights-shadows
https://exceptionalfrequency.bandcamp.com/album/wine-milk-sky
https://exceptionalfrequency.bandcamp.com/album/winter
https://exceptionalfrequency.bandcamp.com/album/wiring-my-ear-to-the-ground
https://exceptionalfrequency.bandcamp.com/album/wise-time
https://exceptionalfrequency.bandcamp.com/album/with-all-due-respect-that-dont-make-a-lot-of-sense
https://exceptionalfrequency.bandcamp.com/album/with-fire
https://exceptionalfrequency.bandcamp.com/album/withdraw-no-2
https://exceptionalfrequency.bandcamp.com/album/withdraw-no-3
https://exceptionalfrequency.bandcamp.com/album/withdraw1
https://exceptionalfrequency.bandcamp.com/album/withdrawer
https://exceptionalfrequency.bandcamp.com/album/within-mono
https://exceptionalfrequency.bandcamp.com/album/without-a-mask
https://exceptionalfrequency.bandcamp.com/album/wonderful-daydream
https://exceptionalfrequency.bandcamp.com/album/works-for-percussions-and-electronic
https://exceptionalfrequency.bandcamp.com/album/world-gone-wrong
https://exceptionalfrequency.bandcamp.com/album/worpswede-unprocess-field-recording
https://exceptionalfrequency.bandcamp.com/album/xtually
https://exceptionalfrequency.bandcamp.com/album/y2k16-live-looping-festival-malaysia-stop
https://exceptionalfrequency.bandcamp.com/album/yesterlife
https://exceptionalfrequency.bandcamp.com/album/younghome
https://exceptionalfrequency.bandcamp.com/album/your-side-of-the-world
https://exceptionalfrequency.bandcamp.com/album/youthfully
https://exceptionalfrequency.bandcamp.com/album/zen
https://exceptionalfrequency.bandcamp.com/album/zen-garden
https://exceptionalfrequency.bandcamp.com/album/zen-garden-ii
https://exceptionalfrequency.bandcamp.com/album/zerodemand
https://exceptionalfrequency.bandcamp.com/album/zhuangzi
https://exceptionalfrequency.bandcamp.com/track/carmencombherhair
https://exceptionalfrequency.bandcamp.com/track/chainsaw-dedicated-to-thurston-moore
https://exceptionalfrequency.bandcamp.com/track/its-a-loop-a-sound-walk-in-your-head
https://exceptionalfrequency.bandcamp.com/track/live-at-mou-tou-guitar-solo
